{"type": "FeatureCollection", "features": [{"type": "Feature", "properties": {"name": "India"}, "geometry": {"type": "MultiPolygon", "coordinates": [[[[73.0776, 8.3255], [73.0652, 8.2862], [73.0456, 8.2659], [73.0238, 8.2684], [73.017, 8.2769], [73.047, 8.2767], [73.0776, 8.3255]]], [[[73.6389, 10.0596], [73.6342, 10.0724], [73.6433, 10.0774], [73.6504, 10.1031], [73.646, 10.0592], [73.6389, 10.0596]]], [[[76.9975, 8.3742], [76.9792, 8.3817], [76.9549, 8.4266], [76.6987, 8.738], [76.6326, 8.8351], [76.5926, 8.8742], [76.5655, 8.8799], [76.5467, 8.9039], [76.5354, 8.9337], [76.5417, 8.938], [76.5355, 8.936], [76.4988, 9.059], [76.3403, 9.4074], [76.3077, 9.5385], [76.2811, 9.7664], [76.2606, 9.8821], [76.238, 9.9534], [76.2408, 9.9676], [76.2185, 10.0035], [76.1003, 10.3815], [76.0305, 10.5262], [76.0313, 10.5385], [76.0405, 10.5368], [76.0383, 10.549], [76.0291, 10.5547], [76.0308, 10.5654], [76.0224, 10.566], [76.0269, 10.5754], [76.0095, 10.5668], [75.9101, 10.7861], [75.8296, 11.1155], [75.8139, 11.149], [75.8028, 11.1554], [75.747, 11.3184], [75.7368, 11.3246], [75.7314, 11.357], [75.6977, 11.4249], [75.6637, 11.4625], [75.6452, 11.4682], [75.6342, 11.461], [75.6163, 11.4774], [75.5956, 11.5518], [75.5362, 11.6935], [75.53887906976743, 11.697183720930234], [75.529, 11.7013], [75.5357, 11.7097], [75.53, 11.7036], [75.4727, 11.7643], [75.4531, 11.7708], [75.4567, 11.7791], [75.4467, 11.782], [75.4361, 11.8054], [75.3851, 11.8565], [75.3676, 11.8513], [75.3557, 11.8598], [75.2953, 11.942], [75.3004, 11.9479], [75.2949, 11.9457], [75.2503, 12.0082], [75.2291, 12.0226], [75.2011, 12.0061], [75.0581, 12.3517], [75.039, 12.3905], [75.0298, 12.3927], [75.0144, 12.417], [74.9738, 12.5004], [74.8645, 12.7588], [74.8823, 12.754], [74.8644, 12.7709], [74.8642, 12.7613], [74.8244, 12.8491], [74.7164, 13.3126], [74.7085, 13.3334], [74.6936, 13.3436], [74.7003, 13.3444], [74.6954, 13.4552], [74.6888, 13.4643], [74.6694, 13.6348], [74.6448, 13.6848], [74.6099, 13.8656], [74.5692, 13.9468], [74.5493, 13.9492], [74.514, 13.9869], [74.4692, 14.1877], [74.4643, 14.2002], [74.4536, 14.2001], [74.4418, 14.2241], [74.4131, 14.3167], [74.3977, 14.4079], [74.3811, 14.4244], [74.3836, 14.4395], [74.3547, 14.5022], [74.3599, 14.5109], [74.3547, 14.5222], [74.3404, 14.515], [74.3102, 14.5214], [74.3145, 14.5463], [74.293, 14.5965], [74.2704, 14.627], [74.2816, 14.6265], [74.2864, 14.6342], [74.279, 14.658], [74.284, 14.6636], [74.2756, 14.6663], [74.2829, 14.6753], [74.2722, 14.7003], [74.2567, 14.7078], [74.2628, 14.7198], [74.2492, 14.7411], [74.2342, 14.7484], [74.2261, 14.7477], [74.2259, 14.7376], [74.2038, 14.7364], [74.204, 14.7193], [74.1772, 14.7506], [74.1521, 14.7471], [74.1578, 14.7599], [74.1424, 14.7785], [74.1194, 14.774], [74.1178, 14.7866], [74.1102, 14.785], [74.0928, 14.804], [74.1132, 14.8049], [74.1133, 14.7968], [74.1243, 14.805], [74.1251, 14.838], [74.1119, 14.8468], [74.097, 14.8966], [74.0861328618745, 14.900772204816041], [74.0854, 14.9003], [74.0811, 14.9091], [74.0671, 14.9058], [74.0445, 14.9161], [74.0435, 14.9464], [74.0501, 14.9573], [74.0354, 14.982], [74.0411, 14.9954], [74.0279, 14.9968], [74.0173, 15.0111], [74.021, 15.0172], [74.0137, 15.009], [73.9895, 15.0189], [73.98123331245351, 15.051872810554752], [73.975, 15.0489], [73.955, 15.0719], [73.9128, 15.0837], [73.9277, 15.0953], [73.9185, 15.1062], [73.9411, 15.1169], [73.9368, 15.1322], [73.9464, 15.1406], [73.9565, 15.1355], [73.8842, 15.3533], [73.8713, 15.3692], [73.8424, 15.3584], [73.8096, 15.3752], [73.806, 15.3918], [73.7906, 15.3939], [73.7832, 15.4095], [73.7918, 15.4175], [73.7897, 15.4638], [73.7657, 15.4952], [73.7499, 15.5626], [73.742, 15.5622], [73.7321, 15.5895], [73.7319, 15.6067], [73.7447, 15.6057], [73.7228, 15.6267], [73.6895, 15.7191], [73.7167, 15.7244], [73.7263, 15.717], [73.7428, 15.7366], [73.7204, 15.7256], [73.7068, 15.7324], [73.6955, 15.724], [73.69370309555855, 15.725341991924628], [73.6958, 15.7217], [73.677, 15.7259], [73.6499, 15.7449], [73.6642, 15.7533], [73.6563, 15.7958], [73.6361, 15.8154], [73.6261, 15.8518], [73.6137, 15.8545], [73.587, 15.9106], [73.5692, 15.913], [73.5357, 15.9392], [73.5308, 15.9323], [73.5101, 15.9405], [73.5048, 15.9653], [73.4898, 15.9864], [73.4844, 16.0337], [73.4665, 16.046], [73.4674, 16.0536], [73.4565, 16.0529], [73.455, 16.062], [73.4649, 16.067], [73.4582, 16.086], [73.4649, 16.0869], [73.4586, 16.091], [73.4417, 16.1844], [73.4271, 16.2037], [73.4188, 16.2581], [73.3861, 16.3365], [73.3867, 16.3584], [73.3689, 16.3629], [73.3714, 16.3889], [73.3587, 16.4417], [73.3469, 16.4504], [73.324, 16.5149], [73.3169, 16.5142], [73.3109, 16.5414], [73.3331, 16.5574], [73.3274, 16.5659], [73.3453, 16.5726], [73.3402, 16.5806], [73.3234, 16.5823], [73.3174, 16.6017], [73.3478, 16.6126], [73.3535, 16.6078], [73.3552, 16.6189], [73.3521, 16.6249], [73.3297, 16.6214], [73.3422, 16.6293], [73.3357, 16.6405], [73.323, 16.6386], [73.3331, 16.6506], [73.3297, 16.6874], [73.3054, 16.7303], [73.3044, 16.7659], [73.3191, 16.7953], [73.3162, 16.8061], [73.2964, 16.8164], [73.2891, 16.8443], [73.2894, 16.8584], [73.2958, 16.8604], [73.2874, 16.8809], [73.3025, 16.8918], [73.2939, 16.8984], [73.2786, 16.893], [73.2876, 16.9164], [73.2832, 16.9504], [73.2925, 16.955], [73.2997, 16.9819], [73.2782, 16.9929], [73.2734, 16.9837], [73.2674, 16.9906], [73.2702, 17.0], [73.2839, 17.002], [73.277, 17.0227], [73.2586, 17.0199], [73.2554, 17.0277], [73.2582, 17.0488], [73.277, 17.0363], [73.2867, 17.0543], [73.2825, 17.1072], [73.2676, 17.1147], [73.2717, 17.1242], [73.2529, 17.1894], [73.2316, 17.1991], [73.247, 17.2049], [73.244, 17.2238], [73.2241, 17.2484], [73.2198, 17.2702], [73.2102, 17.278], [73.2056, 17.2696], [73.203, 17.2892], [73.1906, 17.2993], [73.1969, 17.3068], [73.2054, 17.2992], [73.2214, 17.3066], [73.2292, 17.2825], [73.2576, 17.2798], [73.2588, 17.286], [73.2356, 17.2881], [73.2388, 17.317], [73.2188, 17.3287], [73.2294, 17.3351], [73.2151, 17.3456], [73.2191, 17.3531], [73.2078, 17.3841], [73.202, 17.3897], [73.1789, 17.3863], [73.1673, 17.4044], [73.1861, 17.415], [73.186, 17.4302], [73.1983, 17.4396], [73.1845, 17.4431], [73.1924, 17.4681], [73.1738, 17.5172], [73.1538, 17.5282], [73.1372, 17.5556], [73.14, 17.5703], [73.1502, 17.5741], [73.1526, 17.5994], [73.1375, 17.6115], [73.1275, 17.638], [73.1346, 17.6479], [73.1136, 17.6898], [73.1348, 17.7075], [73.1331, 17.7243], [73.1108, 17.7902], [73.0893, 17.8125], [73.0958, 17.8259], [73.0749, 17.8824], [73.0512, 17.9063], [73.0509, 17.9307], [73.0308, 17.9429], [73.0304, 17.9674], [73.0403, 17.9784], [73.0307, 17.9898], [73.0194, 17.9898], [73.0051, 18.0197], [73.0213, 18.0275], [73.0061, 18.0521], [72.9904, 18.0558], [72.9992, 18.0695], [72.9968, 18.0842], [72.971, 18.1329], [72.9813, 18.137], [72.9887, 18.1579], [72.9809, 18.1963], [72.9558, 18.2199], [72.9318, 18.2204], [72.9425, 18.2341], [72.938, 18.2837], [72.9643, 18.2802], [72.973, 18.2662], [72.9865, 18.2823], [72.9794, 18.2979], [72.9559, 18.3159], [72.9539, 18.335], [72.9335, 18.3516], [72.921, 18.3474], [72.9152, 18.3551], [72.9119, 18.3654], [72.9259, 18.3834], [72.907, 18.403], [72.9071, 18.4373], [72.8937, 18.4718], [72.9019, 18.4758], [72.9019, 18.4927], [72.9111, 18.5026], [72.9053, 18.5386], [72.9212, 18.5506], [72.8756, 18.6224], [72.8781, 18.6308], [72.8603, 18.6324], [72.861, 18.6719], [72.8511, 18.6988], [72.8621, 18.72], [72.8586, 18.7707], [72.8658, 18.8076], [72.9145, 18.8003], [72.9274, 18.8209], [72.9452, 18.8264], [72.9571, 18.7992], [72.9959, 18.773], [72.9783, 18.8076], [72.9978, 18.8026], [72.9993, 18.8092], [72.9849, 18.815], [72.9751, 18.8395], [72.9954, 18.8715], [72.9734, 18.8628], [72.961, 18.841], [72.9348, 18.844], [72.9183, 18.8554], [72.9138, 18.8758], [72.9018, 18.8838], [72.9041, 18.9044], [72.921, 18.9136], [72.9371, 18.9093], [72.9404, 18.9437], [72.9592, 18.9572], [72.9506, 18.9595], [72.9471, 18.9869], [72.8853, 18.9815], [72.8797, 18.993], [72.8856, 19.0132], [72.8782, 19.0219], [72.8543, 18.9972], [72.8605, 18.9815], [72.8488, 18.9777], [72.8552, 18.976], [72.846, 18.9648], [72.8434, 18.9303], [72.812, 18.8951], [72.8036, 18.8988], [72.8051, 18.9102], [72.8152, 18.9081], [72.8256, 18.9194], [72.8236, 18.9412], [72.8122, 18.9553], [72.7933, 18.9394], [72.7925, 18.9499], [72.8138, 18.983], [72.8175, 19.0256], [72.823, 19.0174], [72.8326, 19.0237], [72.8388, 19.0444], [72.8318, 19.0532], [72.817, 19.0415], [72.8244, 19.0558], [72.823, 19.08], [72.8332, 19.0848], [72.8261, 19.0841], [72.8212, 19.1188], [72.8287, 19.1166], [72.8044, 19.1407], [72.8116, 19.1448], [72.8068, 19.1515], [72.797, 19.1345], [72.7861, 19.1335], [72.7897, 19.1473], [72.7816, 19.1679], [72.7949, 19.1747], [72.7955, 19.1947], [72.7814, 19.1954], [72.7861, 19.2052], [72.7756, 19.2272], [72.7855, 19.2668], [72.7787, 19.2789], [72.7869, 19.3077], [72.795, 19.315], [72.8157, 19.3145], [72.83, 19.3346], [72.8, 19.3239], [72.7669, 19.3651], [72.7566, 19.3641], [72.7444, 19.3788], [72.7526, 19.3788], [72.7599, 19.3921], [72.7431, 19.4584], [72.7495, 19.4893], [72.7434, 19.4997], [72.7197, 19.5008], [72.7218, 19.5333], [72.7111, 19.5408], [72.7176, 19.5646], [72.7101, 19.5717], [72.7147, 19.5816], [72.7089, 19.5988], [72.7186, 19.598], [72.7253, 19.6107], [72.7103, 19.6227], [72.719, 19.63], [72.7073, 19.6383], [72.6991, 19.6615], [72.7082, 19.7034], [72.6975, 19.7191], [72.6755, 19.7157], [72.6779, 19.7505], [72.6719, 19.7615], [72.6828, 19.7602], [72.6828, 19.7935], [72.672, 19.8132], [72.6657, 19.8139], [72.6677, 19.8013], [72.654, 19.8109], [72.642, 19.844], [72.6481, 19.8701], [72.6555, 19.8619], [72.6803, 19.8649], [72.6788, 19.9207], [72.6642, 19.9335], [72.6816, 19.9422], [72.6894, 19.9574], [72.722, 19.9706], [72.7079, 20.07], [72.7105, 20.0782], [72.726, 20.0799], [72.7388, 20.1177], [72.7463, 20.1159], [72.7377, 20.1343], [72.7444312702548, 20.133858047912565], [72.74, 20.1348], [72.7505, 20.2037], [72.7424, 20.2412], [72.7537, 20.2604], [72.7574, 20.292], [72.7742, 20.3018], [72.7788, 20.335], [72.82578290627657, 20.366513928378158], [72.8046, 20.3723], [72.8213, 20.4371], [72.8463, 20.478], [72.85833736108661, 20.466051804551075], [72.8726, 20.4932], [72.8859, 20.4977], [72.886, 20.5424], [72.8979, 20.5866], [72.8544, 20.7142], [72.853, 20.7566], [72.8377, 20.7652], [72.8202, 20.7938], [72.8392, 20.8052], [72.8274, 20.8129], [72.7804, 20.9201], [72.82, 20.9275], [72.8127, 20.9371], [72.8204, 20.9523], [72.774, 20.9368], [72.7546, 20.9387], [72.7222, 21.0377], [72.7262, 21.061], [72.7361, 21.0509], [72.7489, 21.0572], [72.7412, 21.0745], [72.7099, 21.0798], [72.7025, 21.0962], [72.6955, 21.0952], [72.6956, 21.0848], [72.6848, 21.083], [72.6863, 21.0939], [72.6699, 21.1059], [72.6698, 21.115], [72.6448, 21.0861], [72.6312, 21.0862], [72.6205, 21.0982], [72.6381, 21.2111], [72.6521, 21.2147], [72.6574, 21.2247], [72.6452, 21.2252], [72.6223, 21.2426], [72.6105, 21.2808], [72.6003, 21.2899], [72.6012, 21.3886], [72.6801, 21.4405], [72.6873, 21.4524], [72.6611, 21.4439], [72.6457, 21.4195], [72.6131, 21.4001], [72.6153, 21.4057], [72.5852, 21.4023], [72.5796, 21.4139], [72.6044, 21.4401], [72.6558, 21.4692], [72.6758, 21.5021], [72.687, 21.5014], [72.7028, 21.5257], [72.715, 21.522], [72.7118, 21.5272], [72.7384, 21.534], [72.75, 21.5275], [72.7501, 21.5417], [72.7702, 21.5625], [72.7545, 21.5664], [72.7734, 21.5713], [72.7846, 21.5872], [72.8022, 21.5872], [72.7977, 21.5956], [72.8203, 21.6111], [72.8301, 21.6284], [72.8285, 21.6509], [72.8417, 21.6558], [72.8679, 21.6422], [72.8772, 21.6726], [72.895, 21.6751], [72.9068, 21.6649], [72.963, 21.674], [72.9611, 21.6819], [72.9228, 21.676], [72.8619, 21.6876], [72.8178, 21.6583], [72.8013, 21.6577], [72.7622, 21.67], [72.7381, 21.691], [72.7135, 21.6796], [72.6714, 21.689], [72.6559, 21.6808], [72.6081, 21.6881], [72.5576, 21.6595], [72.5439, 21.6603], [72.5337, 21.6744], [72.5328, 21.719], [72.5459, 21.735], [72.5586, 21.732], [72.6072, 21.7531], [72.601, 21.7841], [72.61, 21.7902], [72.5996, 21.7923], [72.593, 21.8049], [72.6204, 21.8299], [72.6103, 21.8397], [72.6234, 21.8838], [72.633, 21.8804], [72.6482, 21.8973], [72.6592, 21.8914], [72.6709, 21.8957], [72.6913, 21.8826], [72.6977, 21.8889], [72.6919, 21.9419], [72.7194, 21.9392], [72.7483, 21.9675], [72.7252, 21.9965], [72.7096, 21.9792], [72.7152, 21.9664], [72.7078, 21.9534], [72.64, 21.9568], [72.6021, 21.9292], [72.5454, 21.911], [72.528, 21.937], [72.5407, 21.9439], [72.5363, 21.9498], [72.545, 21.9493], [72.5479, 21.9644], [72.5305, 21.9551], [72.5259, 21.9599], [72.5398, 21.9618], [72.5311, 21.9659], [72.5386, 21.9775], [72.5281, 21.9823], [72.5485, 21.9911], [72.5368, 22.0622], [72.5375, 22.0761], [72.5472, 22.0782], [72.5385, 22.0895], [72.5445, 22.1322], [72.5652, 22.1802], [72.5725, 22.1893], [72.5831, 22.1881], [72.5755, 22.1908], [72.581, 22.1992], [72.5886, 22.2051], [72.598, 22.1997], [72.5938, 22.208], [72.6157, 22.2161], [72.65, 22.2155], [72.6644, 22.2074], [72.6595, 22.1994], [72.6706, 22.1968], [72.6684, 22.2046], [72.7047, 22.1824], [72.7602, 22.1714], [72.7827, 22.1576], [72.7828, 22.1929], [72.8225, 22.209], [72.8212, 22.2273], [72.8538, 22.2389], [72.8492, 22.2749], [72.8343, 22.272], [72.7752, 22.2292], [72.699, 22.1999], [72.662, 22.2233], [72.6249, 22.2338], [72.5748, 22.2327], [72.5437, 22.2231], [72.4994, 22.1792], [72.4317, 22.139], [72.3, 22.0334], [72.2689, 21.9706], [72.2417, 21.9758], [72.2117, 21.9621], [72.2042, 21.8911], [72.2425, 21.8298], [72.2355, 21.812], [72.2048, 21.8238], [72.2028, 21.8191], [72.2283, 21.793], [72.2551, 21.7326], [72.2828, 21.697], [72.3053, 21.6491], [72.3061, 21.626], [72.2705, 21.5739], [72.2561, 21.5025], [72.2354, 21.456], [72.2106, 21.421], [72.1717, 21.3874], [72.1078, 21.3025], [72.1115, 21.2929], [72.0827, 21.2451], [72.1121, 21.1986], [72.0178, 21.1539], [72.0083, 21.1449], [72.0102, 21.1347], [71.9966, 21.1419], [71.976, 21.133], [71.9739, 21.1222], [71.8983, 21.1099], [71.879, 21.0888], [71.8131, 21.0675], [71.7976, 21.0552], [71.8059, 21.0381], [71.7805, 21.0392], [71.7844, 21.03], [71.7608, 21.0205], [71.7167, 21.0208], [71.6828, 21.0038], [71.6819, 20.9965], [71.677, 21.0017], [71.6765, 20.9951], [71.6471, 20.9942], [71.6368, 20.9807], [71.6477, 20.9747], [71.6171, 20.967], [71.6188, 20.9771], [71.6075, 20.978], [71.6124, 20.9674], [71.5656, 20.949], [71.5501, 20.9522], [71.5332, 20.9433], [71.5275, 20.951], [71.5167, 20.9481], [71.5031, 20.9267], [71.5067, 20.9188], [71.4886, 20.9135], [71.4771, 20.8894], [71.4497, 20.8809], [71.44, 20.8695], [71.3973, 20.8652], [71.393, 20.8746], [71.3799, 20.8743], [71.3743, 20.8674], [71.3841, 20.8568], [71.3223, 20.8468], [71.294, 20.8282], [71.21, 20.8011], [71.2026, 20.7891], [71.1464, 20.7713], [71.1459, 20.7578], [71.0861, 20.7553], [71.073, 20.7433], [71.0811, 20.7426], [71.0784, 20.7365], [71.0462, 20.7304], [71.0, 20.7423], [70.99962138709678, 20.74191748387097], [71.0074, 20.7375], [70.9937, 20.728], [70.9971, 20.7138], [70.977, 20.7028], [70.9301, 20.7123], [70.9182, 20.7097], [70.9133, 20.6995], [70.8735832259918, 20.707087402581756], [70.873, 20.7045], [70.8441, 20.7065], [70.8332, 20.6987], [70.8389, 20.69], [70.8222, 20.6916], [70.7666, 20.7201], [70.7336, 20.7225], [70.6668, 20.761], [70.6573, 20.7557], [70.5857, 20.7816], [70.4377, 20.8529], [70.3957, 20.8915], [70.3734, 20.9035], [70.3734, 20.8965], [70.3632, 20.9009], [70.2875, 20.9507], [70.1808, 21.0365], [70.05, 21.1548], [69.7064, 21.5354], [69.616, 21.6246], [69.5701, 21.6483], [69.3999, 21.7969], [69.372, 21.8309], [69.3249, 21.8594], [69.3197, 21.8713], [69.2837, 21.8936], [69.2164, 21.9578], [68.9815, 22.2119], [68.9659, 22.2341], [68.9738, 22.2365], [68.9582, 22.2381], [68.9358, 22.312], [68.9423, 22.3321], [68.9561, 22.3385], [68.9574, 22.3683], [68.9771, 22.4036], [68.9810707135938, 22.40368669680336], [68.9843, 22.4132], [69.0072, 22.4404], [69.0551, 22.4664], [69.0681, 22.4814], [69.0836, 22.4746], [69.0741, 22.4541], [69.0496, 22.4377], [69.0458, 22.4436], [69.0517, 22.4458], [69.0395, 22.4457], [69.0468, 22.4228], [69.0356, 22.3902], [69.0492, 22.3979], [69.0533, 22.3886], [69.0626, 22.3911], [69.0608, 22.3833], [69.0818, 22.3882], [69.0975, 22.3935], [69.1034, 22.3989], [69.0994, 22.408], [69.1103, 22.41], [69.128, 22.3951], [69.1212, 22.3756], [69.1303, 22.3951], [69.1507, 22.3993], [69.1606, 22.4122], [69.1569, 22.4056], [69.1689, 22.4075], [69.1825, 22.4196], [69.1758, 22.423], [69.1948, 22.4217], [69.1876, 22.4136], [69.19144060402685, 22.40937533557047], [69.1876, 22.4027], [69.2009, 22.4014], [69.1975, 22.3878], [69.1679, 22.3735], [69.1809, 22.3707], [69.1691, 22.3542], [69.1773, 22.3562], [69.1754, 22.3479], [69.1634, 22.3486], [69.1693, 22.3335], [69.1568, 22.316], [69.1608, 22.2846], [69.1485, 22.2576], [69.1539, 22.2487], [69.1338, 22.2226], [69.1364, 22.1955], [69.1482, 22.195], [69.1672, 22.204], [69.1691, 22.2152], [69.1785, 22.2128], [69.1903, 22.2436], [69.1952, 22.2253], [69.2115, 22.2195], [69.2128, 22.2103], [69.2376, 22.2227], [69.2336, 22.2499], [69.2528, 22.2664], [69.2795, 22.2699], [69.2838, 22.2546], [69.2799, 22.2699], [69.2945, 22.278], [69.2928, 22.2868], [69.3125, 22.287], [69.3242, 22.3028], [69.3361, 22.3051], [69.3401, 22.313], [69.3325, 22.3278], [69.3515, 22.3269], [69.3634, 22.3171], [69.4232, 22.316], [69.4429, 22.3302], [69.4831, 22.334], [69.4995, 22.3663], [69.5404, 22.3772], [69.5603, 22.3672], [69.5613, 22.3558], [69.5796, 22.3674], [69.5977, 22.3462], [69.6094, 22.3525], [69.6174, 22.3454], [69.6211, 22.3718], [69.6355, 22.3582], [69.6548, 22.3593], [69.661, 22.3963], [69.7022, 22.3987], [69.6956, 22.4132], [69.7054, 22.4337], [69.6946, 22.4427], [69.6958, 22.4516], [69.7129, 22.4747], [69.7307, 22.4846], [69.7366, 22.4845], [69.7345, 22.4702], [69.7437, 22.4589], [69.7423, 22.4491], [69.7348, 22.4492], [69.7416, 22.4464], [69.7328, 22.4428], [69.743, 22.4419], [69.7477, 22.4331], [69.7396, 22.4322], [69.746, 22.428], [69.7547, 22.4302], [69.7591, 22.4433], [69.7791, 22.4167], [69.7897, 22.4138], [69.7976, 22.4046], [69.7912, 22.3836], [69.7965, 22.3777], [69.8093, 22.3862], [69.8094, 22.4015], [69.8328, 22.4471], [69.8627, 22.4362], [69.8718, 22.4233], [69.8871, 22.4541], [69.8969, 22.4576], [69.9072, 22.4488], [69.9191, 22.4565], [69.9149, 22.4655], [69.9374, 22.4633], [69.9398, 22.4828], [69.9505, 22.4723], [69.9617, 22.4783], [69.9793, 22.4682], [69.9867, 22.4772], [69.9787, 22.4915], [69.9877, 22.5105], [70.0103, 22.4999], [70.0207, 22.5072], [70.057, 22.5067], [70.0731, 22.5178], [70.0912, 22.5082], [70.0813, 22.4995], [70.0858, 22.4941], [70.1163, 22.501], [70.1202, 22.4864], [70.1241, 22.5126], [70.1492, 22.512], [70.172, 22.5293], [70.1847, 22.5222], [70.1851, 22.5431], [70.1761, 22.5444], [70.1792, 22.5675], [70.1946, 22.5827], [70.2041, 22.582], [70.1993, 22.5971], [70.211, 22.5986], [70.2107, 22.6108], [70.2635, 22.6535], [70.264, 22.6699], [70.273, 22.6721], [70.2681, 22.7053], [70.2787, 22.7253], [70.3233, 22.7489], [70.4133, 22.8184], [70.4623, 22.8313], [70.4855, 22.8815], [70.4944, 22.8801], [70.4911, 22.8899], [70.5223, 22.9148], [70.5351, 22.9121], [70.5397, 22.9255], [70.5139, 22.9365], [70.4803, 22.9371], [70.4327, 22.9671], [70.4626, 22.966], [70.4792, 22.9749], [70.5124, 22.9601], [70.5379, 22.9647], [70.5417, 22.9596], [70.5472, 22.9969], [70.5617, 23.029], [70.5722, 23.0371], [70.5875, 23.0306], [70.6022, 23.0343], [70.5968, 23.0607], [70.6293, 23.0625], [70.6386, 23.0812], [70.6937, 23.1201], [70.7484, 23.1462], [70.7658, 23.1456], [70.7602, 23.1612], [70.7715, 23.1681], [70.7814, 23.1584], [70.7918, 23.1651], [70.7869, 23.1507], [70.8161, 23.1646], [70.813, 23.148], [70.8205, 23.1394], [70.8153, 23.1369], [70.8345, 23.1284], [70.8232, 23.1104], [70.8298, 23.1054], [70.8219, 23.0948], [70.8286, 23.0799], [70.8317, 23.0963], [70.8385, 23.0922], [70.8358, 23.1119], [70.8424, 23.1091], [70.8582, 23.1307], [70.8276, 23.1489], [70.8281, 23.1579], [70.8466, 23.1524], [70.8486, 23.1693], [70.9016, 23.1708], [70.9592, 23.1948], [70.9189, 23.1984], [70.8906, 23.1827], [70.8629, 23.1924], [70.8733, 23.204], [70.8602, 23.2085], [70.8931, 23.2247], [70.8331, 23.2499], [70.8122, 23.2301], [70.7838, 23.2492], [70.7677, 23.2461], [70.7496, 23.2351], [70.7445, 23.2209], [70.7239, 23.2177], [70.7263, 23.2056], [70.7118, 23.2156], [70.6869, 23.2093], [70.6877, 23.2155], [70.667, 23.2197], [70.6653, 23.2271], [70.6508, 23.2239], [70.6446, 23.2082], [70.649, 23.192], [70.579, 23.1777], [70.5012, 23.1781], [70.4757, 23.1997], [70.428, 23.2175], [70.4363, 23.2334], [70.4248, 23.2373], [70.378, 23.2316], [70.3664, 23.2199], [70.3019, 23.2237], [70.2915, 23.1991], [70.2676, 23.1785], [70.2088, 23.1604], [70.2077, 23.1264], [70.1739, 23.0774], [70.1836, 23.0797], [70.1795, 23.0709], [70.1649, 23.0674], [70.1647, 23.0538], [70.1493, 23.037], [70.1696, 23.0428], [70.17, 23.0574], [70.1886, 23.0728], [70.2108, 23.0746], [70.2192, 23.0608], [70.2303, 22.9727], [70.2264, 22.9518], [70.1644, 22.9383], [70.1211, 22.9626], [70.1335, 22.9814], [70.1338, 23.0016], [70.1581, 23.0323], [70.1482, 23.0348], [70.1178, 22.9911], [70.0972, 22.9758], [70.0805, 22.9757], [70.0837, 22.968], [70.0365, 22.9527], [70.0263, 22.9397], [70.0273, 22.927], [70.0168, 22.9202], [69.9848, 22.9146], [69.9821, 22.9029], [69.959, 22.8993], [69.9622, 22.8936], [69.927, 22.896], [69.8987, 22.8713], [69.8776, 22.8742], [69.8007, 22.8511], [69.7686, 22.8264], [69.7294, 22.8207], [69.7132, 22.806], [69.6474, 22.7962], [69.6459, 22.81], [69.6402, 22.8044], [69.6183, 22.8123], [69.6053, 22.8031], [69.599, 22.8119], [69.5758, 22.8177], [69.576, 22.8104], [69.5694, 22.8159], [69.5569, 22.8073], [69.5344, 22.8086], [69.531, 22.7999], [69.5053, 22.8089], [69.5047, 22.799], [69.4943, 22.7969], [69.4828, 22.8057], [69.477, 22.7955], [69.4573, 22.8143], [69.452, 22.8083], [69.4168, 22.8109], [69.47, 22.7764], [69.4947, 22.7797], [69.4718, 22.7737], [69.4342, 22.788], [69.4437, 22.7801], [69.3812, 22.8188], [69.3478, 22.8207], [69.314, 22.8333], [69.2675, 22.8252], [69.1958, 22.838], [69.1942, 22.8519], [69.1676, 22.8597], [69.1749, 22.8514], [69.1312, 22.8723], [69.0438, 22.9299], [68.9403, 22.9805], [68.8133, 23.0577], [68.8703, 23.0272], [68.8717, 23.033], [68.8369, 23.0462], [68.847, 23.0484], [68.8371, 23.0521], [68.842, 23.0584], [68.835, 23.0506], [68.8246, 23.0624], [68.821, 23.0575], [68.8152, 23.077], [68.8117, 23.0614], [68.8032, 23.0649], [68.8116, 23.0588], [68.7586, 23.0803], [68.7499, 23.088], [68.77118854555141, 23.080258710708577], [68.7601, 23.0998], [68.7651, 23.096], [68.7694, 23.1147], [68.7837, 23.1199], [68.7547, 23.1231], [68.7459, 23.11], [68.7332, 23.1195], [68.7319, 23.1342], [68.7241, 23.1318], [68.7129, 23.1416], [68.7122, 23.1514], [68.6828, 23.1527], [68.6765, 23.1619], [68.6824, 23.158], [68.6825, 23.176], [68.6596, 23.1975], [68.6739, 23.2023], [68.6692, 23.2182], [68.6547, 23.2116], [68.6408, 23.2161], [68.621, 23.2057], [68.6532, 23.231], [68.6767, 23.229], [68.702, 23.2401], [68.7149, 23.2642], [68.7245, 23.2551], [68.7242, 23.2668], [68.7055, 23.2707], [68.7119, 23.2867], [68.6993, 23.2842], [68.714, 23.2956], [68.7076, 23.3136], [68.7135, 23.318], [68.6928, 23.3088], [68.6814, 23.3118], [68.685, 23.3289], [68.6685, 23.3313], [68.6703, 23.3432], [68.6605, 23.3475], [68.6523, 23.3031], [68.64, 23.3233], [68.6526, 23.3356], [68.6359, 23.339], [68.6258, 23.3649], [68.6119, 23.3691], [68.6205, 23.3739], [68.6098, 23.3718], [68.6086, 23.3829], [68.5832, 23.4029], [68.5703, 23.4038], [68.5659, 23.4172], [68.5435, 23.4202], [68.5484, 23.4233], [68.5306, 23.4452], [68.5463, 23.4651], [68.5292, 23.4571], [68.5288, 23.4499], [68.5138, 23.4812], [68.513, 23.5009], [68.5024, 23.5019], [68.5046, 23.5133], [68.4943, 23.5181], [68.4836, 23.5487], [68.4948, 23.5592], [68.4929, 23.6058], [68.5089, 23.6094], [68.5022, 23.6128], [68.5158, 23.6216], [68.5079, 23.622], [68.5106, 23.6395], [68.5138, 23.6441], [68.5169, 23.6354], [68.529, 23.6358], [68.5336, 23.6489], [68.5218, 23.6421], [68.5207, 23.6496], [68.5429, 23.6532], [68.5615, 23.6887], [68.568, 23.6849], [68.5527, 23.6993], [68.5484, 23.6915], [68.5564, 23.7155], [68.5736, 23.7213], [68.5712, 23.7096], [68.5872, 23.7026], [68.6005, 23.7088], [68.5924, 23.7137], [68.5968, 23.7241], [68.6132, 23.718], [68.6322, 23.7278], [68.6287, 23.7345], [68.6157, 23.7259], [68.6193, 23.7385], [68.6488, 23.7389], [68.6353, 23.761], [68.6518, 23.7944], [68.6724, 23.804], [68.6815, 23.795], [68.6939, 23.8182], [68.7112, 23.8302], [68.6927, 23.8444], [68.5808, 23.821], [68.527, 23.7458], [68.5088, 23.7505], [68.4884, 23.7316], [68.464, 23.7422], [68.421, 23.7332], [68.3982, 23.6076], [68.3889, 23.5956], [68.291, 23.5714], [68.2781, 23.5597], [68.184, 23.587], [68.1854, 23.5956], [68.1922, 23.5867], [68.2077, 23.5862], [68.1951, 23.5887], [68.1776, 23.622], [68.1863, 23.6453], [68.2085, 23.6507], [68.1826, 23.655], [68.2015, 23.6585], [68.2067, 23.6689], [68.1968, 23.703], [68.1817, 23.7216], [68.2026, 23.7667], [68.1995, 23.8471], [68.2087, 23.8755], [68.2522, 23.8969], [68.2757, 23.9288], [68.3287, 23.9223], [68.3383, 23.9364], [68.339, 23.967], [68.3689, 23.9848], [68.3786, 23.9845], [68.389, 23.9666], [68.753, 23.9713], [68.7694, 24.2655], [68.7647, 24.2958], [68.8082, 24.3136], [68.8288, 24.3152], [68.8541, 24.2218], [68.867, 24.2125], [68.8806, 24.2171], [68.9068, 24.2798], [68.9453, 24.3025], [68.9668, 24.2728], [68.9847, 24.2276], [69.0053, 24.2231], [69.0948, 24.2745], [69.1938, 24.2361], [69.3127, 24.2816], [69.3763, 24.2695], [69.446, 24.2803], [69.494, 24.2678], [69.5944, 24.2924], [69.7312, 24.1711], [70.0251, 24.1713], [70.0668, 24.1992], [70.1099, 24.295], [70.2507, 24.3244], [70.3256, 24.3519], [70.3685, 24.3508], [70.4117, 24.3756], [70.5731, 24.4224], [70.6025, 24.4081], [70.5805, 24.3633], [70.562, 24.3545], [70.5845, 24.2904], [70.5712, 24.2517], [70.6669, 24.2196], [70.8055, 24.2209], [70.8522, 24.2451], [70.8766, 24.2457], [70.9073, 24.2588], [70.8757, 24.2802], [70.8745, 24.2945], [70.9477, 24.3481], [70.9865, 24.3647], [71.0035, 24.351], [71.0421, 24.3513], [71.0819, 24.3929], [71.1209, 24.4041], [71.1255, 24.4201], [71.1031, 24.4357], [71.0375, 24.4319], [70.9986, 24.4444], [70.996, 24.475], [71.0052, 24.523], [70.9874, 24.5434], [70.9925, 24.5638], [70.9863, 24.5955], [70.9988, 24.6218], [71.0095, 24.6354], [71.0747, 24.6619], [71.09636435238252, 24.688533240543638], [71.0653, 24.7175], [71.0265, 24.8088], [70.9376, 24.9386], [70.8887, 25.1482], [70.7516, 25.2778], [70.7368, 25.3326], [70.6648, 25.3969], [70.6784, 25.5257], [70.6671, 25.5313], [70.6739, 25.6758], [70.6601, 25.7022], [70.6473, 25.7126], [70.6089, 25.715], [70.5302, 25.6835], [70.387, 25.6738], [70.2713, 25.7125], [70.2461, 25.7631], [70.2224, 25.7931], [70.1745, 25.8284], [70.1, 25.9378], [70.0834, 26.0833], [70.1412, 26.1558], [70.175, 26.2515], [70.1635, 26.2948], [70.1854, 26.3743], [70.1769, 26.424], [70.1846, 26.4816], [70.1742, 26.5514], [70.1172, 26.5869], [70.0562, 26.6006], [69.889, 26.579], [69.8231, 26.589], [69.7917, 26.5985], [69.7208, 26.6542], [69.5103, 26.7435], [69.4844, 26.8053], [69.5133, 27.01], [69.5868, 27.1833], [69.6446, 27.225], [69.7027, 27.2843], [69.8625, 27.4018], [69.9339, 27.4978], [70.0259, 27.5629], [70.1324, 27.806], [70.227, 27.9014], [70.2962, 27.936], [70.3722, 28.0118], [70.5058, 28.037], [70.5895, 28.0104], [70.5985, 27.9931], [70.6774, 27.9218], [70.6844, 27.8282], [70.7398, 27.7419], [70.7593, 27.7213], [70.8718, 27.7056], [70.9632, 27.7294], [71.2055, 27.8354], [71.3831, 27.8726], [71.6664, 27.8778], [71.8983, 27.9612], [71.9274, 28.1217], [72.0043, 28.2187], [72.1322, 28.3131], [72.2061, 28.3943], [72.2992, 28.6698], [72.3907, 28.7704], [72.4038, 28.783], [72.4794, 28.8121], [72.7331, 28.9481], [72.9458, 29.0279], [73.0044, 29.153], [73.0844, 29.2363], [73.2821, 29.572], [73.3969, 29.946], [73.597, 30.019], [73.8066, 30.068], [73.8278, 30.0923], [73.9726, 30.1981], [73.9681, 30.1448], [73.974, 30.1922], [73.9598, 30.2702], [73.9309, 30.3201], [73.9029, 30.3489], [73.8798, 30.3597], [73.9647, 30.4246], [73.9738, 30.4438], [73.9263, 30.4389], [73.9373, 30.4451], [73.9277, 30.4659], [73.9345, 30.4903], [73.9477, 30.4839], [73.9469, 30.4639], [73.9641, 30.4565], [73.9697, 30.4753], [73.9637, 30.4849], [73.982, 30.504], [73.9927, 30.5143], [74.02, 30.5142], [74.0111, 30.5211], [74.012, 30.5336], [74.031, 30.5269], [74.0392, 30.5426], [74.05, 30.5372], [74.0573, 30.5187], [74.0723, 30.5229], [74.0909, 30.5494], [74.0734, 30.5547], [74.1021, 30.5792], [74.0953, 30.6012], [74.1023, 30.6096], [74.096, 30.6116], [74.1051, 30.6193], [74.1181, 30.6079], [74.1274, 30.6348], [74.1377, 30.6275], [74.1479, 30.6311], [74.1933, 30.6652], [74.2192, 30.6936], [74.2327, 30.7246], [74.2609, 30.7231], [74.2684, 30.7344], [74.2865, 30.7357], [74.2745, 30.7443], [74.2614, 30.7751], [74.302, 30.7794], [74.3068, 30.7892], [74.2949, 30.7945], [74.3198, 30.8273], [74.3204, 30.8466], [74.3481, 30.8549], [74.3634, 30.8473], [74.3645, 30.8574], [74.3821, 30.8604], [74.3608, 30.8737], [74.3659, 30.8929], [74.3829, 30.8955], [74.3973, 30.9094], [74.4227, 30.9078], [74.4244, 30.916], [74.4103, 30.9235], [74.4235, 30.9207], [74.4287, 30.9312], [74.4139, 30.9296], [74.4164, 30.9403], [74.4395, 30.9422], [74.4421, 30.9517], [74.4664, 30.9569], [74.4569, 30.9643], [74.4797, 30.9743], [74.5035, 30.9648], [74.5162, 30.9795], [74.5462, 30.9924], [74.5425, 31.0174], [74.5682, 31.0547], [74.5901, 31.05], [74.5968, 31.0377], [74.6712, 31.0536], [74.6959, 31.0742], [74.6906, 31.0815], [74.7023, 31.0925], [74.689, 31.128], [74.6665, 31.1244], [74.659, 31.134], [74.6362, 31.1183], [74.6309, 31.1327], [74.6031, 31.1336], [74.5965, 31.1276], [74.6107, 31.0993], [74.6008, 31.088], [74.5891, 31.0925], [74.5713, 31.0814], [74.5515, 31.0864], [74.5484, 31.1219], [74.5104, 31.1319], [74.5105, 31.1798], [74.5197, 31.1843], [74.526, 31.2118], [74.517, 31.2279], [74.5328, 31.2505], [74.5211, 31.2718], [74.542, 31.3038], [74.5263, 31.312], [74.5348, 31.3135], [74.5369, 31.3302], [74.5489, 31.3348], [74.5517, 31.3644], [74.5835, 31.379], [74.6014, 31.4199], [74.6193, 31.42], [74.6224, 31.4301], [74.6432, 31.416], [74.6546, 31.426], [74.6386, 31.4442], [74.6515, 31.4585], [74.6361, 31.4776], [74.6275, 31.4769], [74.6365, 31.4848], [74.6224, 31.4822], [74.6098, 31.4999], [74.5752, 31.5012], [74.5871, 31.504], [74.58, 31.5073], [74.5843, 31.5209], [74.6129, 31.5273], [74.6187, 31.5516], [74.6068, 31.563], [74.6156, 31.569], [74.5923, 31.5741], [74.5753, 31.6038], [74.5553, 31.6078], [74.5402, 31.6601], [74.5287, 31.6666], [74.535, 31.6776], [74.5019, 31.6958], [74.4993, 31.7095], [74.4866, 31.715], [74.5029, 31.7291], [74.5037, 31.7405], [74.5594, 31.7579], [74.5514, 31.779], [74.5556, 31.7914], [74.5671, 31.7964], [74.5579, 31.8048], [74.5731, 31.816], [74.5721, 31.8388], [74.5833, 31.8519], [74.5908, 31.8492], [74.5972, 31.8674], [74.6067, 31.8686], [74.6079, 31.8904], [74.6361, 31.8842], [74.6576, 31.9019], [74.6667, 31.9227], [74.7192, 31.9237], [74.7141, 31.9325], [74.7205, 31.9417], [74.7566, 31.9438], [74.7556, 31.9558], [74.7684, 31.9477], [74.8064, 31.9629], [74.8191, 31.9587], [74.8314, 31.9809], [74.8289, 31.9986], [74.8532, 32.0136], [74.8484, 32.0205], [74.8656, 32.0232], [74.8656, 32.0304], [74.869, 32.022], [74.88, 32.032], [74.8689, 32.0416], [74.8795, 32.0538], [74.9048, 32.0502], [74.928, 32.0665], [74.9739, 32.0535], [74.9781, 32.048], [74.9716, 32.0426], [75.0028, 32.0436], [75.0124, 32.0357], [75.0216, 32.0486], [75.0339, 32.0507], [75.0407, 32.0427], [75.068, 32.0667], [75.084, 32.06], [75.0912, 32.0718], [75.1049, 32.0586], [75.1067, 32.0696], [75.1229, 32.0814], [75.1577, 32.0818], [75.1743, 32.0675], [75.1985, 32.0827], [75.1979, 32.0986], [75.2057, 32.1025], [75.2025, 32.1202], [75.2158, 32.1211], [75.2237, 32.0982], [75.227, 32.1068], [75.2354, 32.1035], [75.2314, 32.0916], [75.2613, 32.1014], [75.2627, 32.1119], [75.2794, 32.1178], [75.2834, 32.1319], [75.2773, 32.137], [75.2854, 32.1515], [75.2994, 32.1533], [75.3224, 32.1794], [75.3103, 32.1946], [75.3164, 32.208], [75.3314, 32.2196], [75.3579, 32.2182], [75.3725, 32.2264], [75.3708, 32.2576], [75.3819, 32.269], [75.3723, 32.2794], [75.3437, 32.2786], [75.3502, 32.2899], [75.3205, 32.2974], [75.335, 32.3109], [75.3315, 32.3267], [75.3412, 32.3455], [75.3278, 32.3261], [75.3227, 32.3435], [75.3022, 32.3443], [75.2989, 32.3535], [75.2883, 32.3545], [75.2897, 32.3698], [75.2581, 32.3714], [75.2559, 32.3893], [75.2416, 32.3852], [75.215, 32.4013], [75.2076, 32.3947], [75.194, 32.4005], [75.1996, 32.4204], [75.1898, 32.4258], [75.1527, 32.4211], [75.1314, 32.4089], [75.1266, 32.4203], [75.1332, 32.4278], [75.1186, 32.4443], [75.1193, 32.4542], [75.1078, 32.4606], [75.1067, 32.4741], [75.099, 32.4777], [75.0855, 32.4688], [75.028, 32.4971], [75.0168, 32.4795], [75.0193, 32.4662], [74.9865, 32.4504], [74.9686, 32.4593], [74.9527, 32.4475], [74.9379, 32.4713], [74.9174, 32.4643], [74.8793, 32.4767], [74.8839, 32.4887], [74.8773, 32.493], [74.8653, 32.4863], [74.8188, 32.4979], [74.8128, 32.4796], [74.7948, 32.4764], [74.7546, 32.4821], [74.7155, 32.4767], [74.7102, 32.4926], [74.6879, 32.4869], [74.6826, 32.5097], [74.6906, 32.533], [74.6629, 32.5445], [74.6627, 32.5538], [74.6745, 32.5544], [74.6738, 32.568], [74.6525, 32.563], [74.6489, 32.588], [74.6588, 32.5968], [74.6418, 32.6005], [74.639, 32.6146], [74.6549, 32.6152], [74.6551, 32.637], [74.6704, 32.6389], [74.6953, 32.6613], [74.667, 32.6753], [74.6535, 32.6967], [74.6637, 32.724], [74.6559, 32.728], [74.704, 32.817], [74.7048, 32.8419], [74.6679, 32.825], [74.6556, 32.8321], [74.6405, 32.8189], [74.6346, 32.8066], [74.6584, 32.7877], [74.6323, 32.7764], [74.6343, 32.7495], [74.6192, 32.7607], [74.5768, 32.7479], [74.5762, 32.7566], [74.5629, 32.7601], [74.5482, 32.7468], [74.5433, 32.7525], [74.5319, 32.7444], [74.5116, 32.7455], [74.5116, 32.7645], [74.4861, 32.7644], [74.4646, 32.7759], [74.4594, 32.7877], [74.4153, 32.7846], [74.391, 32.7632], [74.355, 32.767], [74.3145, 32.7968], [74.3083, 32.8076], [74.3128, 32.8222], [74.3034, 32.8298], [74.2677, 32.8322], [74.2634, 32.8421], [74.2196, 32.8488], [74.2113, 32.8734], [74.1943, 32.8739], [74.1788, 32.8895], [74.069, 32.9096], [74.0582, 32.9345], [74.0245, 32.9297], [73.9997, 32.9354], [74.0062, 32.9549], [73.9724, 32.9672], [73.9646, 32.9871], [73.9414, 32.9824], [73.9083, 33.0014], [73.8257, 33.004], [73.826, 32.9772], [73.7904, 32.9668], [73.7983, 32.9889], [73.7945, 33.0036], [73.7491, 33.0336], [73.7499, 33.058], [73.7428, 33.0662], [73.6997, 33.0849], [73.6399, 33.0831], [73.633, 33.0918], [73.6313, 33.1176], [73.6393, 33.1281], [73.6312, 33.1395], [73.6487, 33.1375], [73.6499, 33.1566], [73.6645, 33.1613], [73.668, 33.2019], [73.6476, 33.2228], [73.6395, 33.205], [73.6335, 33.2076], [73.6376, 33.2304], [73.6218, 33.236], [73.6065, 33.2737], [73.6055, 33.2854], [73.6142, 33.2929], [73.5956, 33.3028], [73.5893, 33.3235], [73.5994, 33.3295], [73.598, 33.3375], [73.5784, 33.3286], [73.5705, 33.343], [73.5838, 33.3557], [73.5719, 33.3567], [73.5652, 33.3663], [73.5733, 33.3918], [73.6032, 33.4191], [73.5867, 33.4228], [73.5961, 33.439], [73.6319, 33.4476], [73.6187, 33.4762], [73.6105, 33.4709], [73.6021, 33.4967], [73.6187, 33.4954], [73.6114, 33.5131], [73.6418, 33.5285], [73.6244, 33.5409], [73.6287, 33.5711], [73.605, 33.5887], [73.6119, 33.6038], [73.5985, 33.6002], [73.5883, 33.6154], [73.5672, 33.6177], [73.5777, 33.6381], [73.5675, 33.6685], [73.6031, 33.7151], [73.5946, 33.7512], [73.5599, 33.7813], [73.5928, 33.8938], [73.5476, 33.9369], [73.5278, 33.9881], [73.5165, 33.9988], [73.5179, 34.0218], [73.4997, 34.0746], [73.4972, 34.1325], [73.4909, 34.1397], [73.4985, 34.2112], [73.4728, 34.2523], [73.4845, 34.2746], [73.4808, 34.2894], [73.4567, 34.2765], [73.4604, 34.2891], [73.4455, 34.3031], [73.4445, 34.3214], [73.4251, 34.3372], [73.4299, 34.3463], [73.4079, 34.3503], [73.3961, 34.3716], [73.4092, 34.3776], [73.4277, 34.426], [73.4219, 34.4661], [73.4352, 34.4849], [73.4308, 34.5213], [73.4463, 34.5396], [73.4483, 34.5671], [73.4932, 34.5748], [73.5322, 34.571], [73.5561, 34.5898], [73.6111, 34.5848], [73.633, 34.5626], [73.6503, 34.562], [73.6598, 34.5797], [73.6538, 34.6005], [73.695, 34.6501], [73.6635, 34.6632], [73.6591, 34.6731], [73.7046, 34.722], [73.7299, 34.7722], [73.7723, 34.7961], [73.8218, 34.7921], [73.8377, 34.8132], [73.8567, 34.8085], [73.895, 34.819], [73.9194, 34.8116], [73.9305, 34.8324], [73.961, 34.8386], [73.9674, 34.8638], [74.0299, 34.8763], [74.042, 34.891], [74.0347, 34.9015], [74.0372, 34.9192], [74.0712, 34.9355], [74.0593, 34.9927], [74.1097, 35.0161], [74.0982, 35.0322], [74.0667, 35.0463], [74.0819, 35.0794], [74.1014, 35.0991], [74.1337, 35.1046], [74.1561, 35.0909], [74.1059, 35.1257], [74.1123, 35.1485], [74.0958, 35.1407], [74.0721, 35.1532], [74.0338, 35.1469], [74.0048, 35.1677], [74.0028, 35.1836], [73.9777, 35.1806], [73.9568, 35.168], [73.9245, 35.2039], [73.897, 35.2117], [73.8612, 35.2071], [73.8454, 35.2246], [73.8083, 35.2395], [73.7705, 35.236], [73.7294, 35.2097], [73.708, 35.2225], [73.725, 35.273], [73.6948, 35.3184], [73.6954, 35.3691], [73.727, 35.419], [73.792, 35.4542], [73.7785, 35.5229], [73.7296, 35.5295], [73.7213, 35.5492], [73.6588, 35.5476], [73.6284, 35.569], [73.5616, 35.5464], [73.5279, 35.5673], [73.5015, 35.5576], [73.4774, 35.5719], [73.3981, 35.5571], [73.3635, 35.5972], [73.2687, 35.6244], [73.2126, 35.6689], [73.1329, 35.7108], [73.1264, 35.721], [73.1265, 35.7762], [73.1372, 35.8192], [73.1487, 35.8312], [73.0839, 35.8775], [73.0682, 35.8777], [73.058, 35.8627], [73.0288, 35.8471], [72.9871, 35.8598], [72.9184, 35.8391], [72.8924, 35.8445], [72.8911, 35.8737], [72.8393, 35.8671], [72.8192, 35.8817], [72.8082, 35.8591], [72.7891, 35.8577], [72.7843, 35.8415], [72.7614, 35.8323], [72.7266, 35.8531], [72.6844, 35.8225], [72.6281, 35.8579], [72.5851, 35.8594], [72.5582, 35.8977], [72.543, 35.8945], [72.5185, 35.9055], [72.5131, 35.9387], [72.5349, 35.9506], [72.5424, 35.9695], [72.5393, 35.9862], [72.56, 35.987], [72.5846, 36.0251], [72.5688, 36.0446], [72.5357, 36.0473], [72.5167, 36.0673], [72.5276, 36.1102], [72.5617, 36.1399], [72.5507, 36.15], [72.5491, 36.1646], [72.5359, 36.1733], [72.5505, 36.1985], [72.5473, 36.2054], [72.5739, 36.2238], [72.5727, 36.2391], [72.5847, 36.2569], [72.6117, 36.2695], [72.6622, 36.2581], [72.6848, 36.2439], [72.6742, 36.2622], [72.6806, 36.271], [72.7112, 36.2763], [72.7311, 36.2983], [72.7592, 36.2986], [72.7739, 36.3159], [72.8033, 36.3308], [72.8161, 36.3564], [72.8537, 36.3663], [72.851, 36.3724], [72.8755, 36.3946], [72.8701, 36.4075], [72.8758, 36.4169], [72.8597, 36.4356], [72.9081, 36.4609], [72.9236, 36.4535], [72.9461, 36.4662], [72.9794, 36.4573], [72.9879, 36.4693], [72.9742, 36.4754], [72.9747, 36.4943], [72.9828, 36.5015], [72.9779, 36.5115], [73.0519, 36.533], [73.0525, 36.5487], [73.078, 36.5692], [73.0795, 36.5856], [73.0972, 36.606], [73.0741, 36.6288], [73.0804, 36.67], [73.0707, 36.6798], [73.0676, 36.7006], [73.0952, 36.6834], [73.1164, 36.6842], [73.1625, 36.7076], [73.1707, 36.724], [73.1866, 36.7103], [73.1867, 36.7012], [73.2014, 36.6955], [73.2288, 36.7015], [73.238, 36.7115], [73.2461, 36.7054], [73.2941, 36.7042], [73.3108, 36.7143], [73.3478, 36.7164], [73.3516, 36.735], [73.3944, 36.7301], [73.4214, 36.743], [73.4339, 36.731], [73.462, 36.735], [73.4976, 36.7131], [73.5098, 36.7219], [73.5199, 36.7103], [73.5498, 36.7161], [73.5543, 36.7096], [73.5793, 36.7224], [73.5927, 36.6928], [73.6216, 36.6903], [73.6348, 36.6982], [73.6831, 36.6866], [73.7099, 36.7123], [73.7748, 36.7021], [73.7956, 36.7188], [73.8718, 36.7014], [73.8787, 36.7071], [73.8736, 36.7206], [73.8853, 36.7299], [73.8822, 36.7485], [73.868, 36.7663], [73.837, 36.7951], [73.8148, 36.789], [73.8015, 36.7942], [73.7976, 36.8182], [73.7588, 36.8162], [73.7491, 36.8274], [73.7055, 36.8378], [73.7062, 36.858], [73.667, 36.8809], [73.6711, 36.9117], [73.6972, 36.9143], [73.7287, 36.898], [73.7513, 36.9097], [73.7736, 36.8963], [73.7941, 36.9002], [73.8007, 36.8875], [73.8102, 36.8886], [73.8204, 36.9031], [73.8593, 36.8973], [73.893, 36.8755], [73.9149, 36.883], [73.9615, 36.8393], [73.982, 36.8296], [74.0084, 36.8338], [74.0465, 36.8108], [74.0855, 36.8415], [74.1163, 36.8357], [74.1335, 36.8479], [74.1558, 36.9105], [74.249, 36.8936], [74.3148, 36.9273], [74.3508, 36.9601], [74.4082, 36.9816], [74.4264, 36.9957], [74.523, 36.9951], [74.5403, 36.9633], [74.5641, 36.9579], [74.5804, 37.021], [74.5779, 37.0458], [74.5681, 37.0518], [74.6338, 37.0637], [74.6901, 37.0881], [74.7074, 37.0873], [74.7264, 37.0385], [74.7494, 37.0194], [74.7691, 37.0412], [74.8358, 37.038], [74.8409, 37.0321], [74.8348, 37.0053], [74.9156, 36.9203], [74.954, 36.9546], [75.0157, 36.9907], [75.0371, 36.989], [75.0913, 36.9611], [75.1092, 36.9619], [75.153, 36.9882], [75.1969, 37.0424], [75.211, 37.05], [75.3208, 37.0643], [75.3413, 37.0608], [75.3544, 36.9885], [75.3689, 36.9752], [75.4037, 36.9822], [75.4184, 36.9724], [75.4249, 36.9524], [75.4069, 36.908], [75.4297, 36.905], [75.4498, 36.8889], [75.4633, 36.8303], [75.6127, 36.7753], [75.6628, 36.7217], [75.7444, 36.6077], [75.807, 36.5634], [75.8524, 36.5583], [75.8908, 36.5328], [75.945, 36.5116], [76.0712, 36.4842], [76.1117, 36.4597], [76.164, 36.4065], [76.2007, 36.397], [76.2665, 36.3588], [76.3539, 36.3694], [76.4375, 36.3104], [76.4485, 36.272], [76.4368, 36.2578], [76.4683, 36.2403], [76.481, 36.2197], [76.5493, 36.2022], [76.5654, 36.1862], [76.5941, 36.1783], [76.6169, 36.178], [76.6447, 36.1977], [76.6559, 36.1922], [76.7111, 36.1401], [76.7201, 36.0977], [76.7838, 36.0719], [76.8137, 36.0406], [76.8104, 36.0229], [76.7877, 36.0167], [76.7321, 35.9546], [76.7831, 35.9051], [76.8075, 35.8497], [76.8611, 35.836], [76.8874, 35.8126], [76.9356, 35.789], [76.9824, 35.7876], [77.001, 35.7756], [77.0452, 35.7773], [77.1157, 35.7981], [77.1522, 35.7686], [77.1764, 35.7681], [77.169, 35.7405], [77.1797, 35.7302], [77.213, 35.7333], [77.2419, 35.7085], [77.2583, 35.7043], [77.2764, 35.7084], [77.2874, 35.7226], [77.2991, 35.708], [77.3211, 35.701], [77.3355, 35.7198], [77.3659, 35.7152], [77.4018, 35.6815], [77.4028, 35.6635], [77.4116, 35.6563], [77.4379, 35.6561], [77.4401, 35.6021], [77.4719, 35.5843], [77.4756, 35.5714], [77.4652, 35.55], [77.4828, 35.5296], [77.4734, 35.5177], [77.4305, 35.5137], [77.3887, 35.5394], [77.362, 35.5432], [77.332, 35.5303], [77.3455, 35.5192], [77.3547, 35.4958], [77.3852, 35.4739], [77.4437, 35.4595], [77.4961, 35.4778], [77.6286, 35.465], [77.6531, 35.4812], [77.6733, 35.4659], [77.6852, 35.4668], [77.6858, 35.4722], [77.7288, 35.4773], [77.7262, 35.5128], [77.7359, 35.5211], [77.7863, 35.488], [77.8292, 35.5051], [77.8626, 35.4762], [77.8861, 35.4774], [77.9121, 35.4611], [77.921, 35.4879], [77.9293, 35.4903], [77.9853, 35.4483], [77.9393, 35.5069], [77.9375, 35.5172], [77.9679, 35.5718], [77.9578, 35.6049], [78.0014, 35.5824], [78.0556, 35.5818], [78.0844, 35.552], [78.1058, 35.5534], [78.1368, 35.5366], [78.1649, 35.5517], [78.1596, 35.5815], [78.1734, 35.6056], [78.1698, 35.625], [78.1974, 35.6228], [78.1959, 35.6349], [78.212, 35.666], [78.2656, 35.6474], [78.2845, 35.6645], [78.2772, 35.677], [78.277, 35.7184], [78.2979, 35.7281], [78.338, 35.7189], [78.4039, 35.7358], [78.4159, 35.763], [78.4427, 35.7836], [78.5342, 35.7625], [78.61, 35.8121], [78.6464, 35.8211], [78.6652, 35.8363], [78.6733, 35.8542], [78.7862, 35.8689], [78.8391, 35.8561], [78.9251, 35.8675], [78.9692, 35.8902], [78.9824, 35.8897], [79.0322, 35.8477], [79.1647, 35.8382], [79.2128, 35.8779], [79.2045, 35.9277], [79.2131, 35.9545], [79.2309, 35.9722], [79.2517, 35.9848], [79.358, 35.9917], [79.4009, 35.9928], [79.4104, 35.986], [79.4303, 35.9081], [79.4402, 35.8941], [79.5362, 35.8796], [79.6193, 35.8453], [79.6823, 35.8325], [79.7511, 35.7969], [79.899, 35.7751], [79.9677, 35.8252], [80.0157, 35.8262], [80.0426, 35.8027], [80.0775, 35.7257], [80.1005, 35.7062], [80.1289, 35.6567], [80.2131, 35.6387], [80.3117, 35.588], [80.3146, 35.5361], [80.3268, 35.5289], [80.3451, 35.4612], [80.2985, 35.417], [80.2975, 35.3529], [80.2512, 35.248], [80.2427, 35.208], [80.185, 35.1306], [80.1869, 35.008], [80.1272, 34.8725], [80.075, 34.8054], [80.0653, 34.6929], [79.9737, 34.6768], [79.9447, 34.6609], [79.9216, 34.6727], [79.8783, 34.6749], [79.8751, 34.6679], [79.8582, 34.6665], [79.8294, 34.6355], [79.7766, 34.6104], [79.7755, 34.6021], [79.7944, 34.5805], [79.7688, 34.5523], [79.7698, 34.5378], [79.821, 34.5145], [79.8161, 34.4831], [79.7914, 34.4668], [79.7444, 34.4621], [79.5984, 34.4868], [79.5222, 34.4636], [79.5316, 34.4088], [79.5689, 34.4006], [79.5614, 34.3815], [79.5685, 34.3202], [79.597, 34.278], [79.5921, 34.2358], [79.5401, 34.1913], [79.5131, 34.2009], [79.4937, 34.1847], [79.496, 34.1244], [79.466, 34.0941], [79.4211, 34.0759], [79.4145, 34.0417], [79.4429, 34.0212], [79.4374, 34.0126], [79.4155, 33.999], [79.3737, 34.0268], [79.2829, 34.0276], [79.2321, 34.0471], [79.206, 34.0404], [79.1729, 34.0583], [79.148, 34.0551], [79.1382, 34.0175], [79.1127, 34.0089], [79.0804, 34.01], [79.0248, 34.0328], [79.0011, 34.0336], [78.9532, 34.0131], [78.9183, 33.9639], [78.9453, 33.9262], [79.0132, 33.7829], [79.0304, 33.7881], [79.0605, 33.7758], [79.0641, 33.7647], [79.038, 33.7454], [79.0161, 33.7023], [79.022, 33.6861], [79.0463, 33.6738], [79.078, 33.6861], [79.1002, 33.6163], [79.0308, 33.6242], [78.9642, 33.6137], [78.9095, 33.6292], [78.9029, 33.622], [78.9145, 33.606], [78.9063, 33.5737], [78.9438, 33.5261], [78.9275, 33.4867], [78.9271, 33.4543], [78.9554, 33.3816], [78.987, 33.3309], [79.016, 33.3283], [79.1077, 33.2891], [79.2237, 33.2963], [79.3001, 33.2733], [79.3556, 33.2821], [79.4461, 33.2577], [79.4518, 33.235], [79.443, 33.2004], [79.3732, 33.1064], [79.3682, 33.0834], [79.3871, 33.0421], [79.3803, 33.0277], [79.3249, 33.0122], [79.3534, 32.9839], [79.3682, 32.9825], [79.369, 32.9662], [79.3976, 32.9618], [79.4461, 32.9118], [79.5571, 32.7677], [79.5881, 32.7661], [79.6119, 32.735], [79.6096, 32.7232], [79.5723, 32.6876], [79.5672, 32.6701], [79.5375, 32.6596], [79.5253, 32.6307], [79.4747, 32.574], [79.4515, 32.5587], [79.4293, 32.5235], [79.3966, 32.5175], [79.3845, 32.5228], [79.373, 32.5605], [79.3395, 32.5701], [79.325, 32.5846], [79.3053, 32.5858], [79.2598, 32.5227], [79.2302, 32.5133], [79.1821, 32.4738], [79.125, 32.465], [79.1214, 32.4581], [79.1352, 32.4323], [79.0937, 32.3771], [79.0454, 32.3874], [79.0035, 32.3749], [78.9712, 32.3357], [78.9467, 32.3613], [78.8599, 32.4102], [78.8394, 32.4336], [78.8067, 32.4442], [78.7753, 32.504], [78.7592, 32.5678], [78.7824, 32.5958], [78.7755, 32.621], [78.7433, 32.655], [78.7507, 32.6928], [78.7406, 32.6912], [78.7087, 32.6561], [78.6803, 32.6556], [78.6484, 32.6439], [78.6053, 32.5911], [78.5655, 32.6148], [78.5153, 32.6041], [78.5034, 32.587], [78.4513, 32.5776], [78.4277, 32.5634], [78.4099, 32.524], [78.3995, 32.5246], [78.4286, 32.5074], [78.4612, 32.5038], [78.4655, 32.4547], [78.4958, 32.422], [78.5228, 32.4223], [78.5335, 32.4151], [78.5148, 32.375], [78.4848, 32.3491], [78.4834, 32.2814], [78.4608, 32.2417], [78.4963, 32.2375], [78.5595, 32.2487], [78.588, 32.2361], [78.6147, 32.2088], [78.6138, 32.1754], [78.5962, 32.1578], [78.6114, 32.1425], [78.6177, 32.1152], [78.6566, 32.1115], [78.7189, 32.0357], [78.7581, 32.001], [78.7886, 31.9932], [78.7782, 31.9352], [78.7501, 31.9045], [78.7528, 31.8847], [78.7402, 31.8375], [78.7128, 31.8049], [78.7099, 31.7866], [78.7202, 31.7645], [78.7412, 31.7576], [78.7284, 31.7417], [78.754, 31.6856], [78.7758, 31.677], [78.7982, 31.6818], [78.807, 31.6471], [78.8399, 31.6281], [78.8533, 31.6074], [78.8189, 31.5722], [78.736, 31.5285], [78.7284, 31.5148], [78.7343, 31.485], [78.7666, 31.4864], [78.7736, 31.4739], [78.8128, 31.4497], [78.8166, 31.4193], [78.792, 31.3955], [78.8362, 31.3849], [78.8588, 31.3664], [78.8638, 31.3464], [78.8546, 31.3235], [78.8924, 31.2879], [78.8988, 31.2627], [78.9121, 31.2552], [78.9327, 31.2529], [78.9371, 31.2606], [78.9476, 31.3195], [78.967, 31.3369], [79.0108, 31.3571], [79.0237, 31.3964], [79.0515, 31.4198], [79.0591, 31.4589], [79.0679, 31.4615], [79.1436, 31.4255], [79.1824, 31.3852], [79.1922, 31.3628], [79.2465, 31.33], [79.2392, 31.3142], [79.2719, 31.2832], [79.2524, 31.266], [79.2519, 31.243], [79.2802, 31.235], [79.2926, 31.2212], [79.3032, 31.1904], [79.301, 31.1678], [79.3175, 31.1367], [79.3988, 31.1078], [79.4077, 31.077], [79.4246, 31.0711], [79.4248, 31.0305], [79.4916, 31.0335], [79.519, 31.0267], [79.5381, 30.9902], [79.5484, 30.9895], [79.5403, 30.9755], [79.5525, 30.9601], [79.5967, 30.9448], [79.6035, 30.9327], [79.6199, 30.9513], [79.6636, 30.9665], [79.665, 30.9829], [79.698, 30.9725], [79.7171, 30.976], [79.738, 30.9837], [79.753, 31.0079], [79.7746, 30.9889], [79.7919, 30.9884], [79.8164, 30.9739], [79.8627, 30.9754], [79.8824, 30.9554], [79.8903, 30.9186], [79.9104, 30.9151], [79.9291, 30.8824], [79.9622, 30.89], [79.9925, 30.8769], [80.042, 30.8358], [80.056, 30.8415], [80.0575, 30.8294], [80.1109, 30.7793], [80.1574, 30.7887], [80.1581, 30.8059], [80.1778, 30.8041], [80.2032, 30.7765], [80.2001, 30.7647], [80.2149, 30.7491], [80.2397, 30.7621], [80.2505, 30.7371], [80.2364, 30.6904], [80.1997, 30.683], [80.1972, 30.6621], [80.2212, 30.6418], [80.2117, 30.6224], [80.2171, 30.6084], [80.2288, 30.6035], [80.2268, 30.5789], [80.2578, 30.5588], [80.2831, 30.5722], [80.3189, 30.5594], [80.3856, 30.515], [80.4156, 30.5253], [80.4195, 30.5152], [80.4477, 30.4977], [80.5171, 30.4732], [80.5391, 30.4492], [80.5476, 30.4486], [80.5514, 30.4609], [80.5698, 30.4666], [80.5802, 30.4809], [80.598, 30.4788], [80.652, 30.4443], [80.6781, 30.4374], [80.7135, 30.4082], [80.752, 30.3935], [80.7836, 30.3578], [80.7873, 30.3426], [80.8216, 30.3156], [81.0055, 30.2631], [81.0332, 30.2464], [81.0271, 30.2285], [81.0466, 30.2109], [81.0311, 30.1964], [80.95, 30.1783], [80.9183, 30.1898], [80.9197, 30.2142], [80.9027, 30.2154], [80.8678, 30.1739], [80.8748, 30.1265], [80.8447, 30.1162], [80.8391, 30.0986], [80.8207, 30.0997], [80.8056, 30.09], [80.7798, 30.0571], [80.761, 30.0495], [80.7468, 30.0058], [80.7191, 30.0007], [80.6742, 29.9571], [80.6488, 29.9557], [80.6306, 29.9654], [80.6018, 29.9581], [80.5742, 29.9243], [80.5724, 29.8949], [80.5531, 29.8513], [80.5061, 29.8225], [80.4939, 29.7958], [80.4455, 29.7989], [80.435, 29.806], [80.4287, 29.7978], [80.4069, 29.7947], [80.3974, 29.7589], [80.3663, 29.749], [80.3656, 29.7264], [80.3759, 29.72], [80.384, 29.6754], [80.3904, 29.6645], [80.4162, 29.6522], [80.4203, 29.6383], [80.4059, 29.6131], [80.4075, 29.5951], [80.3881, 29.5715], [80.3791, 29.5716], [80.3787, 29.5612], [80.3633, 29.564], [80.3637, 29.5564], [80.3425, 29.5528], [80.3415, 29.5405], [80.3579, 29.5328], [80.3497, 29.5192], [80.3142, 29.4994], [80.3131, 29.4848], [80.2987, 29.4906], [80.2869, 29.477], [80.3018, 29.4528], [80.2808, 29.4516], [80.2768, 29.4587], [80.2691, 29.4558], [80.2744, 29.4501], [80.2573, 29.4517], [80.2422, 29.4429], [80.2476, 29.4341], [80.2421, 29.4115], [80.2751, 29.393], [80.2792, 29.3788], [80.2714, 29.3644], [80.2958, 29.3245], [80.3169, 29.3152], [80.3185, 29.3035], [80.3048, 29.2866], [80.3002, 29.2416], [80.2906, 29.2318], [80.2941, 29.1984], [80.2612, 29.2065], [80.253, 29.2214], [80.2405, 29.2025], [80.2588, 29.187], [80.2582, 29.1648], [80.2725, 29.1419], [80.233, 29.1185], [80.1832, 29.1372], [80.1454, 29.103], [80.1294, 29.0627], [80.1372, 29.0605], [80.1245, 29.0131], [80.1354, 29.0074], [80.1267, 29.0061], [80.1179, 28.9815], [80.1005, 28.9869], [80.0585, 28.9166], [80.0654, 28.8369], [80.0748, 28.8245], [80.1181, 28.829], [80.1707, 28.7828], [80.216, 28.7556], [80.2566, 28.7543], [80.2656, 28.7422], [80.2565, 28.7292], [80.2758, 28.7113], [80.2935, 28.7117], [80.3172, 28.7001], [80.3257, 28.6665], [80.3603, 28.6458], [80.361, 28.6353], [80.3764, 28.6289], [80.4194, 28.64], [80.4519, 28.6289], [80.4637, 28.6161], [80.4687, 28.5835], [80.4814, 28.5853], [80.5176, 28.552], [80.5306, 28.5726], [80.5215, 28.5767], [80.5061, 28.6712], [80.5395, 28.6908], [80.5905, 28.68], [80.5802, 28.6615], [80.5974, 28.656], [80.5894, 28.648], [80.6062, 28.6524], [80.6116, 28.6395], [80.6414, 28.6433], [80.6513, 28.6341], [80.6676, 28.6422], [80.6797, 28.6211], [80.6775, 28.6044], [80.6958, 28.6035], [80.6904, 28.5876], [80.7145, 28.5684], [80.7244, 28.5753], [80.7385, 28.5664], [80.7384, 28.5748], [80.7686, 28.5659], [80.7697, 28.5499], [80.7896, 28.5434], [80.7892, 28.5245], [80.8154, 28.5207], [80.8445, 28.4958], [80.8659, 28.4896], [80.8615, 28.5044], [80.8754, 28.5107], [80.8961, 28.507], [80.9087, 28.4981], [80.9015, 28.4861], [80.9154, 28.4576], [80.9141, 28.4684], [80.9172, 28.46], [80.9305, 28.4578], [80.9427, 28.4687], [80.932, 28.4589], [80.9515, 28.4558], [80.9517, 28.4476], [80.967, 28.4572], [80.9802, 28.4552], [80.9646, 28.4448], [80.965, 28.4379], [80.9785, 28.4342], [80.9776, 28.4424], [80.9889, 28.4415], [80.9989, 28.4531], [81.0168, 28.4513], [81.0126, 28.4378], [81.0193, 28.4315], [81.0294, 28.4388], [81.0342, 28.4282], [81.0175, 28.4155], [81.0338, 28.3989], [81.0357, 28.4136], [81.0797, 28.3851], [81.2106, 28.3608], [81.2345, 28.3247], [81.2326, 28.2891], [81.3209, 28.1976], [81.3213, 28.1689], [81.302, 28.1648], [81.3121, 28.1559], [81.3204, 28.1603], [81.3281, 28.1481], [81.3183, 28.1452], [81.318, 28.1337], [81.3711, 28.1435], [81.3776, 28.1566], [81.367, 28.1631], [81.3735, 28.1773], [81.4167, 28.174], [81.4465, 28.1611], [81.4499, 28.1409], [81.484, 28.1186], [81.4783, 28.0827], [81.624, 28.0016], [81.6984, 27.9882], [81.8049, 27.9033], [81.8341, 27.8972], [81.885, 27.857], [81.9258, 27.8598], [81.9252, 27.8753], [81.9683, 27.9291], [82.07, 27.9236], [82.1214, 27.8658], [82.1485, 27.8584], [82.154, 27.8668], [82.2083, 27.8436], [82.3035, 27.7728], [82.3677, 27.7429], [82.4017, 27.7037], [82.4487, 27.6793], [82.4733, 27.6767], [82.5166, 27.6906], [82.5413, 27.6857], [82.6052, 27.7061], [82.6189, 27.7023], [82.6643, 27.7226], [82.6658, 27.7159], [82.6809, 27.7139], [82.6991, 27.722], [82.7051, 27.7166], [82.7077, 27.7229], [82.7061, 27.7017], [82.7183, 27.6874], [82.7115, 27.6653], [82.7366, 27.6435], [82.7351, 27.6099], [82.7558, 27.5878], [82.7469, 27.5553], [82.7383, 27.5519], [82.7496, 27.5226], [82.7368, 27.5179], [82.7355, 27.5024], [82.8016, 27.4964], [82.9293, 27.5012], [82.9541, 27.4677], [83.0341, 27.4489], [83.1879, 27.4543], [83.2188, 27.4162], [83.2722, 27.3833], [83.2653, 27.3654], [83.2724, 27.3526], [83.2916, 27.3349], [83.3176, 27.3302], [83.3178, 27.3374], [83.3372, 27.3326], [83.3592, 27.3433], [83.3579, 27.3507], [83.3738, 27.3572], [83.3746, 27.37], [83.3877, 27.3756], [83.3845, 27.3902], [83.4093, 27.4128], [83.3839, 27.4363], [83.4017, 27.4575], [83.4023, 27.4664], [83.3883, 27.4708], [83.3882, 27.4798], [83.6143, 27.4694], [83.8308, 27.3698], [83.864, 27.347], [83.8623, 27.3357], [83.8833, 27.3742], [83.8331, 27.4251], [83.8483, 27.4464], [83.8755, 27.4354], [83.9335, 27.4505], [83.9471, 27.4408], [83.9967, 27.4461], [84.0269, 27.4335], [84.0274, 27.4397], [84.0506, 27.4427], [84.0612, 27.4527], [84.0695, 27.4806], [84.0949, 27.4891], [84.0977, 27.5171], [84.1093, 27.5208], [84.1242, 27.5108], [84.1514, 27.5167], [84.1491, 27.4859], [84.2063, 27.4698], [84.2089, 27.4426], [84.2207, 27.4412], [84.2308, 27.4563], [84.2543, 27.454], [84.2784, 27.4156], [84.2767, 27.3964], [84.2924, 27.3848], [84.3005, 27.3907], [84.3326, 27.3774], [84.3736, 27.3766], [84.3919, 27.368], [84.4404, 27.3705], [84.4704, 27.3547], [84.4764, 27.3623], [84.6219, 27.3369], [84.6911, 27.215], [84.6803, 27.2001], [84.6857, 27.181], [84.6756, 27.1708], [84.6868, 27.1584], [84.6698, 27.1096], [84.6745, 27.0959], [84.6462, 27.0758], [84.6434, 27.0461], [84.7567, 27.0028], [84.7734, 27.0177], [84.789, 27.0089], [84.7862, 26.9985], [84.7936, 26.9958], [84.8081, 27.0076], [84.8085, 27.0181], [84.8254, 27.0209], [84.8555, 27.0072], [84.8496, 26.9977], [84.8578, 26.9976], [84.8558, 26.9863], [84.8885, 26.9774], [84.8916, 26.9697], [84.9626, 26.9605], [84.9785, 26.9401], [84.9682, 26.916], [85.0001, 26.9119], [85.0023, 26.9037], [84.9928, 26.903], [85.005, 26.8947], [85.0612, 26.8866], [85.0309, 26.8744], [85.0308, 26.8585], [85.024, 26.8544], [85.0575, 26.8491], [85.0633, 26.8582], [85.0641, 26.8495], [85.0782, 26.8587], [85.0839, 26.8535], [85.0865, 26.8668], [85.1054, 26.8717], [85.1908, 26.8698], [85.1912, 26.8308], [85.1767, 26.8096], [85.1805, 26.7957], [85.1929, 26.7904], [85.1973, 26.7697], [85.211, 26.7584], [85.24, 26.762], [85.3345, 26.7417], [85.3554, 26.7601], [85.3755, 26.7613], [85.4077, 26.7913], [85.4546, 26.7818], [85.4777, 26.7927], [85.4792, 26.8021], [85.4956, 26.797], [85.4977, 26.8119], [85.5197, 26.8146], [85.5433, 26.8384], [85.5536, 26.8345], [85.5578, 26.8443], [85.566, 26.8411], [85.5756, 26.861], [85.5857, 26.8474], [85.6239, 26.8738], [85.6346, 26.8722], [85.6424, 26.8533], [85.681, 26.8432], [85.7211, 26.8204], [85.7345, 26.7959], [85.7287, 26.7498], [85.734, 26.7371], [85.7233, 26.6998], [85.7236, 26.6742], [85.7367, 26.6642], [85.7342, 26.6508], [85.7698, 26.6299], [85.8018, 26.6243], [85.8177, 26.6028], [85.8306, 26.6016], [85.8312, 26.6115], [85.8513, 26.6087], [85.8581, 26.5899], [85.8509, 26.5686], [85.8875, 26.583], [85.892, 26.5947], [85.9271, 26.6098], [85.9288, 26.6167], [85.9482, 26.614], [85.9601, 26.651], [85.9758, 26.6585], [86.0116, 26.6552], [86.0276, 26.6668], [86.0698, 26.6573], [86.1195, 26.6301], [86.1388, 26.6288], [86.1363, 26.6063], [86.1714, 26.617], [86.1931, 26.6145], [86.1963, 26.5939], [86.2177, 26.5885], [86.2347, 26.5909], [86.2523, 26.617], [86.3329, 26.6191], [86.3448, 26.6169], [86.3415, 26.6059], [86.3962, 26.5937], [86.3953, 26.585], [86.4559, 26.568], [86.4978, 26.5424], [86.5415, 26.5387], [86.5703, 26.4965], [86.6211, 26.4842], [86.6334, 26.4643], [86.6932, 26.4512], [86.7003, 26.4372], [86.7203, 26.4349], [86.7314, 26.4226], [86.7472, 26.4282], [86.744, 26.4356], [86.7665, 26.4594], [86.8338, 26.4391], [86.8469, 26.4419], [86.8459, 26.4483], [86.8559, 26.4486], [86.8614, 26.4579], [86.8734, 26.454], [86.8942, 26.4619], [86.8931, 26.4878], [86.93, 26.4897], [86.9322, 26.517], [87.0154, 26.532], [87.0425, 26.5683], [87.0447, 26.5872], [87.0718, 26.5858], [87.0728, 26.542], [87.0922, 26.4499], [87.1626, 26.4039], [87.1892, 26.4053], [87.1858, 26.4142], [87.2124, 26.413], [87.2188, 26.4032], [87.2288, 26.4136], [87.2611, 26.4093], [87.266, 26.3739], [87.3016, 26.3661], [87.3125, 26.3716], [87.3411, 26.3475], [87.3584, 26.3611], [87.3564, 26.3879], [87.3689, 26.4079], [87.4665, 26.4402], [87.5477, 26.4184], [87.553, 26.4057], [87.593, 26.3922], [87.5924, 26.3816], [87.6098, 26.3807], [87.6174, 26.39], [87.6519, 26.3934], [87.6502, 26.406], [87.6781, 26.4158], [87.6776, 26.4355], [87.7111, 26.4275], [87.7339, 26.4076], [87.7393, 26.4176], [87.7648, 26.4099], [87.7762, 26.4218], [87.7705, 26.4275], [87.7779, 26.4357], [87.774, 26.4504], [87.7895, 26.4694], [87.8297, 26.45], [87.8283, 26.44], [87.8488, 26.4365], [87.8614, 26.4489], [87.8584, 26.4639], [87.886, 26.4764], [87.8883, 26.4868], [87.9098, 26.4576], [87.8987, 26.4487], [87.9241, 26.4467], [87.916, 26.4318], [87.9258, 26.4281], [87.9269, 26.4178], [87.966, 26.3972], [87.9919, 26.3926], [87.9959, 26.3658], [88.0305, 26.3649], [88.0272, 26.3816], [88.0348, 26.3913], [88.0599, 26.4096], [88.0713, 26.4081], [88.0961, 26.4402], [88.0921, 26.4633], [88.107, 26.475], [88.1002, 26.4803], [88.1055, 26.4893], [88.0986, 26.5059], [88.0902, 26.5073], [88.103, 26.5183], [88.0989, 26.5388], [88.1328, 26.5164], [88.1035, 26.5385], [88.1116, 26.5451], [88.1054, 26.5592], [88.1135, 26.5587], [88.1125, 26.5717], [88.1304, 26.5738], [88.1299, 26.6013], [88.1392, 26.6067], [88.1421, 26.6258], [88.1603, 26.6364], [88.1672, 26.6991], [88.1816, 26.7194], [88.1879, 26.7718], [88.1677, 26.8378], [88.174, 26.8653], [88.1362, 26.8988], [88.1447, 26.9225], [88.1201, 26.9507], [88.1345, 26.9861], [88.1174, 26.9875], [88.0922, 27.0046], [88.0775, 27.0354], [88.0599, 27.0296], [88.0378, 27.0363], [88.016, 27.0739], [88.0209, 27.0878], [88.0026, 27.1046], [87.9909, 27.1057], [87.9913, 27.1305], [88.0073, 27.1433], [88.0191, 27.1714], [88.0124, 27.1779], [88.0143, 27.2129], [88.0431, 27.2195], [88.0123, 27.2159], [88.0307, 27.2502], [88.032, 27.2864], [88.0446, 27.2932], [88.0415, 27.3041], [88.0668, 27.3359], [88.0415, 27.3722], [88.0511, 27.4132], [88.0751, 27.4332], [88.0678, 27.4383], [88.0725, 27.4453], [88.0669, 27.4579], [88.0441, 27.4781], [88.0442, 27.4962], [88.0619, 27.5122], [88.0584, 27.52], [88.0663, 27.5273], [88.0586, 27.5347], [88.0811, 27.5651], [88.0755, 27.5718], [88.0817, 27.584], [88.1139, 27.6103], [88.1203, 27.6454], [88.1444, 27.6648], [88.1542, 27.6918], [88.1477, 27.703], [88.1562, 27.7361], [88.1783, 27.7466], [88.1822, 27.7758], [88.1972, 27.7912], [88.1736, 27.8206], [88.2019, 27.8425], [88.1964, 27.8538], [88.135, 27.8816], [88.1399, 27.8891], [88.1195, 27.9169], [88.1379, 27.9372], [88.1294, 27.9494], [88.1452, 27.9641], [88.1855, 27.9435], [88.2064, 27.9417], [88.208, 27.9617], [88.2251, 27.9604], [88.2372, 27.9708], [88.2511, 27.9424], [88.2662, 27.9573], [88.3082, 27.9671], [88.3179, 27.9788], [88.3304, 27.9732], [88.3523, 27.9899], [88.377, 27.9899], [88.3991, 27.978], [88.4306, 28.0081], [88.4678, 28.0171], [88.4797, 28.0416], [88.4953, 28.0538], [88.5096, 28.0412], [88.5197, 28.0436], [88.5235, 28.035], [88.5478, 28.0354], [88.5525, 28.0814], [88.5663, 28.0903], [88.584, 28.0833], [88.6193, 28.0981], [88.61, 28.1287], [88.6292, 28.124], [88.6468, 28.0981], [88.6643, 28.0874], [88.6721, 28.0723], [88.7563, 28.076], [88.8136, 28.0224], [88.8363, 28.0148], [88.8438, 27.9904], [88.8369, 27.9288], [88.8604, 27.9272], [88.8718, 27.8985], [88.8826, 27.8908], [88.8778, 27.8758], [88.8877, 27.8562], [88.8827, 27.8343], [88.8558, 27.8153], [88.8615, 27.797], [88.8533, 27.7645], [88.8651, 27.7422], [88.8563, 27.7165], [88.838, 27.7063], [88.8477, 27.6936], [88.8419, 27.6822], [88.8484, 27.668], [88.8279, 27.6443], [88.8153, 27.6461], [88.8049, 27.6235], [88.8117, 27.6184], [88.809, 27.6025], [88.7884, 27.5849], [88.7913, 27.5751], [88.7637, 27.5651], [88.7739, 27.5538], [88.7773, 27.5326], [88.7928, 27.5289], [88.777, 27.4689], [88.7825, 27.4497], [88.7963, 27.4473], [88.7952, 27.4289], [88.8089, 27.4236], [88.8061, 27.407], [88.8233, 27.3906], [88.8377, 27.3792], [88.861, 27.3865], [88.8628, 27.3698], [88.8811, 27.3604], [88.884, 27.3425], [88.8951, 27.3322], [88.9192, 27.328], [88.9077, 27.277], [88.8791, 27.2611], [88.8314, 27.2622], [88.8031, 27.2478], [88.8033, 27.22], [88.7868, 27.182], [88.7646, 27.177], [88.7572, 27.1654], [88.7601, 27.1522], [88.74890360414611, 27.143451188356035], [88.7805, 27.1347], [88.802, 27.1395], [88.8424, 27.1112], [88.8679, 27.1123], [88.8812, 27.062], [88.8703, 26.9957], [88.8771, 26.9443], [88.9219, 26.9938], [88.9525, 26.9684], [88.9536, 26.9473], [88.9439, 26.9341], [88.9803, 26.9172], [89.0215, 26.9406], [89.03, 26.9231], [89.0509, 26.916], [89.0489, 26.8991], [89.0694, 26.9037], [89.0957, 26.8917], [89.0927, 26.8724], [89.1062, 26.8604], [89.1007, 26.8425], [89.1344, 26.8078], [89.1763, 26.8191], [89.1942, 26.8109], [89.2358, 26.8186], [89.2624, 26.8138], [89.2731, 26.8274], [89.3185, 26.8513], [89.3268, 26.8432], [89.379, 26.8622], [89.3897, 26.842], [89.4229, 26.836], [89.4391, 26.8406], [89.4504, 26.8308], [89.4501, 26.818], [89.4695, 26.8027], [89.4984, 26.8042], [89.5119, 26.8143], [89.5602, 26.8129], [89.5659, 26.7994], [89.6133, 26.7862], [89.6209, 26.7775], [89.6318, 26.7831], [89.6506, 26.7763], [89.6435, 26.7485], [89.6174, 26.7293], [89.624, 26.7185], [89.6351, 26.725], [89.6597, 26.7195], [89.6718, 26.7398], [89.6899, 26.7331], [89.7007, 26.7372], [89.7239, 26.7223], [89.7528, 26.7353], [89.7587, 26.7288], [89.7548, 26.7175], [89.7714, 26.701], [89.8066, 26.7106], [89.8624, 26.7015], [89.8746, 26.6836], [89.8633, 26.7008], [89.8629, 26.7371], [89.8973, 26.7243], [89.9669, 26.7235], [90.0082, 26.7322], [90.0499, 26.7304], [90.1399, 26.7536], [90.1945, 26.7733], [90.1877, 26.807], [90.2008, 26.8353], [90.2305, 26.8589], [90.3003, 26.8482], [90.3478, 26.8753], [90.3566, 26.9007], [90.4146, 26.9044], [90.5466, 26.8166], [90.6344, 26.7938], [90.6466, 26.7766], [90.676, 26.7841], [90.6933, 26.7706], [90.7178, 26.7683], [90.9565, 26.7878], [90.9569, 26.7816], [90.9919, 26.7906], [91.0541, 26.781], [91.0976, 26.822], [91.1459, 26.8109], [91.2369, 26.812], [91.2966, 26.787], [91.3372, 26.7809], [91.376, 26.7952], [91.4076, 26.8396], [91.4458, 26.8121], [91.4951, 26.7912], [91.5924, 26.8052], [91.6255, 26.8209], [91.6898, 26.8065], [91.7206, 26.8117], [91.8241, 26.864], [91.8591, 26.9133], [91.8917, 26.9191], [91.9639, 26.8827], [91.9835, 26.8582], [92.0567, 26.8474], [92.1027, 26.8672], [92.1019, 26.8811], [92.1144, 26.8936], [92.1181, 26.9744], [92.1048, 26.9799], [92.1035, 27.004], [92.0784, 27.0174], [92.0817, 27.0408], [92.0441, 27.0514], [92.0231, 27.1096], [92.0358, 27.1349], [92.0267, 27.1683], [92.0584, 27.1903], [92.0726, 27.2331], [92.0592, 27.2518], [92.038, 27.2584], [92.0671, 27.2772], [92.1035, 27.2687], [92.1199, 27.2718], [92.125, 27.282], [92.0648, 27.3273], [92.0482, 27.3631], [92.0585, 27.3997], [92.0437, 27.4148], [92.0425, 27.4352], [92.0222, 27.448], [92.0194, 27.4781], [91.9947, 27.4785], [91.9789, 27.4633], [91.9436, 27.4597], [91.9231, 27.474], [91.8716, 27.4708], [91.8644, 27.4829], [91.8486, 27.4865], [91.8253, 27.4679], [91.7982, 27.4743], [91.767, 27.4648], [91.763, 27.475], [91.7339, 27.4694], [91.7146, 27.4745], [91.7136, 27.4935], [91.6951, 27.5053], [91.6525, 27.483], [91.645, 27.502], [91.624, 27.5141], [91.6123, 27.5437], [91.5937, 27.5421], [91.5663, 27.5831], [91.5844, 27.6082], [91.5647, 27.6258], [91.5641, 27.6414], [91.5731, 27.6607], [91.5938, 27.6701], [91.6072, 27.6908], [91.6285, 27.6994], [91.6268, 27.7158], [91.6389, 27.7358], [91.635, 27.7469], [91.6454, 27.7634], [91.6351, 27.8029], [91.6146, 27.8219], [91.581, 27.812], [91.566, 27.8186], [91.5536, 27.8514], [91.5579, 27.8563], [91.5699, 27.848], [91.5755, 27.8643], [91.5928, 27.8541], [91.6023, 27.8641], [91.6632, 27.853], [91.7098, 27.808], [91.7613, 27.8], [91.7878, 27.8078], [91.8124, 27.8048], [91.8207, 27.816], [91.8363, 27.7852], [91.8507, 27.7762], [91.8622, 27.7397], [91.8824, 27.7272], [91.9037, 27.7322], [91.9277, 27.7226], [91.9935, 27.7712], [92.0514, 27.7639], [92.1095, 27.8095], [92.2187, 27.8695], [92.2775, 27.8691], [92.2912, 27.8249], [92.3128, 27.7885], [92.3851, 27.8006], [92.3854, 27.8172], [92.4163, 27.8306], [92.4563, 27.8141], [92.5034, 27.854], [92.5277, 27.8485], [92.5562, 27.8244], [92.6153, 27.8945], [92.6577, 27.9019], [92.6879, 27.9267], [92.7424, 27.9926], [92.7207, 28.0305], [92.6665, 28.0638], [92.6797, 28.1192], [92.6879, 28.1274], [92.7461, 28.1581], [92.8148, 28.211], [92.8256, 28.1791], [92.8361, 28.1791], [92.8969, 28.2052], [92.9228, 28.24], [92.9627, 28.2586], [92.9841, 28.2524], [92.9973, 28.2294], [93.0283, 28.2687], [93.0223, 28.3104], [93.0497, 28.3027], [93.0905, 28.3059], [93.1104, 28.3121], [93.1222, 28.3284], [93.1894, 28.3183], [93.218, 28.3261], [93.2242, 28.4055], [93.1805, 28.4349], [93.2096, 28.4519], [93.2286, 28.4742], [93.2777, 28.5013], [93.2911, 28.5536], [93.3067, 28.5793], [93.3016, 28.599], [93.3249, 28.6092], [93.3334, 28.6391], [93.406, 28.6513], [93.446, 28.6747], [93.4705, 28.6527], [93.478, 28.6756], [93.4961, 28.686], [93.5142, 28.6817], [93.5224, 28.6591], [93.6194, 28.6534], [93.7399, 28.6846], [93.7841, 28.6634], [93.8506, 28.707], [93.9356, 28.6661], [93.9618, 28.6936], [93.973, 28.7432], [94.0103, 28.7728], [93.9867, 28.8038], [94.0072, 28.8407], [94.0366, 28.8511], [94.0747, 28.8909], [94.1645, 28.9575], [94.1861, 29.0287], [94.2241, 29.0878], [94.2578, 29.1086], [94.2937, 29.1454], [94.3625, 29.1526], [94.3749, 29.185], [94.4381, 29.2232], [94.5131, 29.2128], [94.5507, 29.2208], [94.5739, 29.2496], [94.5787, 29.2746], [94.6046, 29.2891], [94.6225, 29.3143], [94.631, 29.3412], [94.6886, 29.3179], [94.7413, 29.2747], [94.793, 29.2153], [94.7956, 29.1734], [94.8041, 29.1624], [94.8435, 29.1743], [94.8787, 29.175], [94.9158, 29.1521], [94.9584, 29.1564], [94.9883, 29.1375], [95.0224, 29.1339], [95.0121, 29.1469], [94.9753, 29.1565], [94.9798, 29.1733], [94.9928, 29.1708], [95.0335, 29.153], [95.0951, 29.1396], [95.1064, 29.1189], [95.1663, 29.109], [95.2417, 29.1106], [95.242, 29.0636], [95.2601, 29.0541], [95.2879, 29.0626], [95.3481, 29.0411], [95.4107, 29.0305], [95.4212, 29.0414], [95.4403, 29.0366], [95.4665, 29.0665], [95.4772, 29.0871], [95.481, 29.1431], [95.5307, 29.1305], [95.5367, 29.1692], [95.5269, 29.2157], [95.5722, 29.2228], [95.583, 29.2606], [95.6193, 29.2497], [95.6598, 29.2716], [95.689, 29.3046], [95.721, 29.3127], [95.7657, 29.3564], [95.7769, 29.3617], [95.7821, 29.3414], [95.8111, 29.3596], [95.831, 29.3588], [95.8617, 29.3951], [95.9418, 29.3877], [96.0088, 29.4277], [96.0306, 29.4533], [96.0673, 29.4659], [96.0812, 29.4611], [96.1765, 29.3452], [96.1799, 29.3075], [96.2355, 29.2419], [96.2896, 29.2446], [96.3094, 29.2643], [96.3405, 29.274], [96.3543, 29.2921], [96.3696, 29.2873], [96.3808, 29.2546], [96.342, 29.1784], [96.245, 29.1658], [96.2325, 29.152], [96.2105, 29.1481], [96.1736, 29.0992], [96.1021, 29.079], [96.1288, 29.0705], [96.1409, 29.0583], [96.1715, 28.9992], [96.1718, 28.9698], [96.1423, 28.9567], [96.1349, 28.9352], [96.1554, 28.9179], [96.1609, 28.8978], [96.2202, 28.9298], [96.2794, 28.9947], [96.3269, 29.028], [96.3565, 29.037], [96.4231, 29.0375], [96.5136, 29.074], [96.4647, 28.9831], [96.4812, 28.9585], [96.5094, 28.9664], [96.508, 28.9518], [96.5301, 28.9102], [96.5261, 28.8825], [96.609, 28.7798], [96.6042, 28.7444], [96.5793, 28.7116], [96.5557, 28.7012], [96.5074, 28.6956], [96.4669, 28.6752], [96.4874, 28.6389], [96.4745, 28.6218], [96.4248, 28.5821], [96.402, 28.5809], [96.4, 28.5593], [96.3448, 28.554], [96.3186, 28.526], [96.3515, 28.5038], [96.3621, 28.4803], [96.2534, 28.407], [96.2906, 28.3997], [96.3167, 28.3776], [96.3626, 28.3864], [96.37, 28.3633], [96.3955, 28.3359], [96.4174, 28.3409], [96.4277, 28.3756], [96.4571, 28.4138], [96.5054, 28.411], [96.5707, 28.4523], [96.6411, 28.4578], [96.7408, 28.4138], [96.7568, 28.3999], [96.7615, 28.3746], [96.7703, 28.367], [96.8345, 28.3607], [96.8897, 28.3785], [96.9258, 28.3369], [96.9532, 28.3284], [96.9876, 28.3033], [97.0118, 28.3103], [97.0479, 28.339], [97.0753, 28.3496], [97.1057, 28.347], [97.1405, 28.3276], [97.1711, 28.2857], [97.2248, 28.285], [97.2395, 28.2682], [97.2953, 28.2619], [97.3784, 28.2178], [97.401, 28.1923], [97.4012, 28.1815], [97.3638, 28.1891], [97.3566, 28.1725], [97.3279, 28.1502], [97.3244, 28.1375], [97.3472, 28.1105], [97.3104, 28.0745], [97.3258, 28.0527], [97.3809, 28.0593], [97.3757, 28.0402], [97.4129, 28.0148], [97.4101, 28.0052], [97.3926, 28.001], [97.3913, 27.9889], [97.373, 27.968], [97.3824, 27.951], [97.3736, 27.8802], [97.3571, 27.8789], [97.3253, 27.896], [97.309, 27.915], [97.249, 27.8993], [97.2196, 27.8637], [97.1885, 27.8436], [97.1646, 27.8106], [97.1457, 27.8046], [97.104, 27.7697], [97.0938, 27.7401], [97.0644, 27.7473], [97.0362, 27.7424], [96.9831, 27.6643], [96.9417, 27.6607], [96.8967, 27.6093], [96.8967, 27.5815], [96.9122, 27.5805], [96.913, 27.5439], [96.9298, 27.5242], [96.9071, 27.4776], [96.9032, 27.4527], [96.9326, 27.4309], [96.9344, 27.4158], [96.9623, 27.4016], [96.9675, 27.3808], [96.9621, 27.3731], [96.9807, 27.3455], [96.9905, 27.3438], [96.9981, 27.319], [97.0283, 27.3079], [97.0549, 27.2657], [97.0885, 27.2382], [97.0905, 27.2136], [97.1221, 27.1899], [97.1245, 27.1743], [97.1467, 27.1649], [97.1509, 27.1498], [97.1639, 27.1422], [97.1618, 27.1229], [97.1497, 27.1168], [97.1385, 27.091], [97.1003, 27.1084], [97.0963, 27.0959], [97.0767, 27.0987], [97.0712, 27.0892], [97.0634, 27.0915], [97.0335, 27.1183], [97.0303, 27.1315], [96.9929, 27.1402], [96.9848, 27.1543], [96.9125, 27.1661], [96.8744, 27.1807], [96.8568, 27.193], [96.8548, 27.2102], [96.8852, 27.2265], [96.8847, 27.2597], [96.8626, 27.2596], [96.847, 27.2711], [96.848, 27.2903], [96.8224, 27.3082], [96.7966, 27.3457], [96.7669, 27.3571], [96.7515, 27.3523], [96.7045, 27.3721], [96.6978, 27.3577], [96.6055, 27.3656], [96.5913, 27.3484], [96.5957, 27.3339], [96.5512, 27.3185], [96.5239, 27.2865], [96.5078, 27.2992], [96.4404, 27.3063], [96.4213, 27.3015], [96.408, 27.2877], [96.4029, 27.2932], [96.3868, 27.2846], [96.3525, 27.2951], [96.3397, 27.285], [96.3073, 27.2943], [96.2746, 27.2834], [96.271, 27.2715], [96.228, 27.2787], [96.209, 27.2611], [96.1936, 27.2615], [96.1853, 27.2489], [96.1556, 27.2484], [96.091, 27.2235], [96.0774, 27.2084], [96.023, 27.1801], [96.0105, 27.1422], [95.9686, 27.0999], [95.946, 27.0516], [95.9042, 27.0387], [95.8695, 27.0125], [95.8301, 27.0075], [95.802, 27.0145], [95.7812, 26.9778], [95.7685, 26.9769], [95.755, 26.9538], [95.7601, 26.9368], [95.748, 26.9261], [95.7513, 26.909], [95.7449, 26.8963], [95.7241, 26.8822], [95.7062, 26.8806], [95.667, 26.9029], [95.6446, 26.8764], [95.6323, 26.8737], [95.627, 26.8427], [95.6085, 26.8129], [95.5705, 26.8159], [95.5563, 26.8324], [95.5431, 26.8354], [95.5223, 26.8135], [95.5074, 26.8088], [95.4828, 26.7471], [95.4591, 26.7439], [95.4319, 26.7161], [95.4314, 26.7007], [95.373, 26.6838], [95.3605, 26.671], [95.3355, 26.6744], [95.304, 26.651], [95.2588, 26.6556], [95.2571, 26.6762], [95.2492, 26.6837], [95.23316223416685, 26.682284903014725], [95.2332, 26.6811], [95.2102, 26.6494], [95.1807, 26.6428], [95.1489, 26.6159], [95.1466, 26.5931], [95.1542, 26.5831], [95.1391, 26.5567], [95.1256, 26.5581], [95.1075, 26.5415], [95.1145, 26.5185], [95.062, 26.4504], [95.0657, 26.4418], [95.0845, 26.4471], [95.1039, 26.4207], [95.0997, 26.3938], [95.1256, 26.3878], [95.1322, 26.3775], [95.1212, 26.3496], [95.1284, 26.3389], [95.1225, 26.3071], [95.1286, 26.2957], [95.1198, 26.2642], [95.1273, 26.2538], [95.1146, 26.2329], [95.1427, 26.2116], [95.1222, 26.1863], [95.1266, 26.1778], [95.1172, 26.1586], [95.1263, 26.1285], [95.1156, 26.1128], [95.118, 26.1006], [95.1508, 26.0864], [95.1653, 26.0921], [95.1859, 26.0731], [95.1643, 26.0489], [95.1591, 26.0249], [95.1261, 25.9858], [95.117, 25.985], [95.0895, 25.9505], [95.0541, 25.9381], [95.0439, 25.9269], [95.0312, 25.931], [95.0287, 25.9137], [95.0118, 25.8978], [95.0194, 25.881], [95.0092, 25.8666], [95.0305, 25.8382], [95.0333, 25.8142], [95.05, 25.8], [95.044, 25.7737], [95.049, 25.7594], [95.0399, 25.7412], [94.9972, 25.725], [94.9706, 25.6891], [94.936, 25.6676], [94.9228, 25.6454], [94.9149, 25.6074], [94.8815, 25.5905], [94.8985, 25.5653], [94.8463, 25.5622], [94.8258, 25.5425], [94.8254, 25.5238], [94.8124, 25.5113], [94.808, 25.4933], [94.7887, 25.4896], [94.7835, 25.4804], [94.7626, 25.4817], [94.7514, 25.4939], [94.744, 25.4811], [94.7178, 25.4694], [94.6836, 25.4664], [94.6803, 25.454], [94.6712, 25.4429], [94.6671, 25.4146], [94.6346, 25.395], [94.6346, 25.3579], [94.6224, 25.346], [94.5846, 25.2662], [94.5855, 25.2294], [94.5756, 25.2141], [94.6058, 25.1813], [94.62, 25.1867], [94.6401, 25.1662], [94.6646, 25.1627], [94.68, 25.1493], [94.6899, 25.1579], [94.7151, 25.1381], [94.7366, 25.1348], [94.7442, 25.0373], [94.7269, 25.0], [94.7059, 24.9864], [94.6966, 24.9685], [94.7134, 24.9344], [94.7019, 24.9294], [94.688, 24.8881], [94.6573, 24.8711], [94.6319, 24.8395], [94.6297, 24.803], [94.6186, 24.7798], [94.6294, 24.757], [94.6127, 24.7402], [94.6051, 24.7123], [94.5851, 24.7054], [94.5794, 24.7237], [94.5728, 24.7129], [94.5497, 24.7128], [94.5501, 24.6589], [94.5292, 24.618], [94.4922, 24.5746], [94.4615, 24.558], [94.4252, 24.4861], [94.4031, 24.4753], [94.4013, 24.4495], [94.4087, 24.4371], [94.3976, 24.4073], [94.3671, 24.3946], [94.3801, 24.3746], [94.354, 24.3345], [94.3272, 24.3277], [94.3153, 24.2527], [94.2927, 24.236], [94.2832, 24.1793], [94.2599, 24.1623], [94.2515, 24.0819], [94.2389, 24.0578], [94.2307, 24.0574], [94.234, 24.0393], [94.1873, 23.9646], [94.1869, 23.9413], [94.1654, 23.9296], [94.154, 23.8532], [94.1376, 23.8524], [94.1207, 23.8328], [94.0843, 23.8814], [94.0622, 23.8806], [93.9912, 23.9276], [93.9616, 23.9279], [93.9305, 23.9503], [93.8941, 23.9529], [93.8594, 23.932], [93.8077, 23.9269], [93.7976, 23.9477], [93.7717, 23.9689], [93.7542, 24.0054], [93.7418, 23.9968], [93.7408, 24.0022], [93.724, 23.9972], [93.6903, 24.0086], [93.6632, 24.0015], [93.6234, 24.0109], [93.6119, 23.9973], [93.6082, 23.9716], [93.5991, 23.9725], [93.5913, 23.9606], [93.5598, 23.9821], [93.5504, 23.9594], [93.5249, 23.9564], [93.5149, 23.9427], [93.5048, 23.9422], [93.4625, 23.9748], [93.4636, 23.9941], [93.4531, 23.9995], [93.4531, 24.0136], [93.4327, 24.0246], [93.4169, 24.0714], [93.399, 24.0852], [93.3581, 24.091], [93.3486, 24.1048], [93.3429, 24.0972], [93.3538, 24.0905], [93.335, 24.0901], [93.3285, 24.0812], [93.3384, 24.0627], [93.3321, 24.0531], [93.2835, 24.0484], [93.3258, 24.0504], [93.3276, 24.0424], [93.3375, 24.0412], [93.3259, 24.0299], [93.339, 24.0215], [93.3296, 24.0204], [93.3375, 23.9897], [93.3286, 23.9854], [93.3511, 23.9617], [93.3508, 23.9416], [93.3612, 23.9448], [93.3689, 23.9302], [93.3808, 23.9345], [93.3943, 23.9243], [93.385, 23.8481], [93.3901, 23.8177], [93.4033, 23.807], [93.3916, 23.7567], [93.411, 23.7294], [93.4073, 23.7072], [93.4369, 23.687], [93.4165, 23.6476], [93.4286, 23.5883], [93.4221, 23.5714], [93.4098, 23.5636], [93.4185, 23.54], [93.3947, 23.5038], [93.3925, 23.4788], [93.3993, 23.4719], [93.3948, 23.4481], [93.388, 23.4464], [93.3883, 23.4208], [93.4016, 23.3837], [93.3865, 23.3741], [93.3876, 23.3594], [93.3559, 23.353], [93.3729, 23.3294], [93.3669, 23.3222], [93.3716, 23.3135], [93.3638, 23.3132], [93.3716, 23.309], [93.3651, 23.3063], [93.37, 23.2878], [93.3626, 23.2791], [93.3886, 23.2169], [93.3755, 23.2042], [93.3806, 23.1866], [93.3686, 23.1753], [93.3682, 23.1441], [93.3865, 23.1441], [93.3856, 23.1338], [93.3557, 23.1161], [93.3543, 23.0968], [93.345, 23.0924], [93.3393, 23.0744], [93.3521, 23.0704], [93.3408, 23.0677], [93.3432, 23.0582], [93.3346, 23.0595], [93.3139, 23.0194], [93.3045, 23.0202], [93.2935, 23.0064], [93.2295, 23.0116], [93.2298, 23.0199], [93.215, 23.0273], [93.2099, 23.0485], [93.1882, 23.0522], [93.1846, 23.0595], [93.1561, 23.0432], [93.1363, 23.0606], [93.1258, 23.0407], [93.1202, 23.0024], [93.1411, 22.989], [93.138, 22.9506], [93.1461, 22.9437], [93.1475, 22.926], [93.1645, 22.9102], [93.1398, 22.9135], [93.1312, 22.9061], [93.1343, 22.8913], [93.1174, 22.8635], [93.1181, 22.8425], [93.1034, 22.8235], [93.1106, 22.8183], [93.0947, 22.8062], [93.1074, 22.7526], [93.091, 22.7048], [93.1018, 22.6837], [93.0953, 22.6732], [93.1096, 22.6555], [93.1083, 22.6357], [93.128, 22.6239], [93.1403, 22.5923], [93.1133, 22.56], [93.1066, 22.527], [93.1282, 22.5237], [93.1238, 22.5084], [93.1346, 22.4918], [93.1309, 22.4682], [93.1387, 22.4545], [93.1635, 22.4513], [93.1853, 22.4282], [93.1858, 22.3399], [93.1967, 22.3288], [93.189, 22.3227], [93.1957, 22.315], [93.1896, 22.3008], [93.1992, 22.2942], [93.1935, 22.2892], [93.2018, 22.2626], [93.1776, 22.2457], [93.1421, 22.2455], [93.1486, 22.2117], [93.1615, 22.1971], [93.1506, 22.1762], [93.1236, 22.1735], [93.111, 22.204], [93.0893, 22.1967], [93.0633, 22.2073], [93.038, 22.1948], [93.0491, 22.1689], [93.0372, 22.1442], [93.0571, 22.1214], [93.0596, 22.1013], [93.0045, 22.1036], [93.0116, 22.0884], [92.9948, 22.0322], [93.0043, 22.017], [93.0075, 21.9825], [92.9806, 21.9801], [92.978, 21.9974], [92.9522, 22.0297], [92.94, 22.0136], [92.9272, 22.0156], [92.9359, 22.006], [92.9207, 21.9918], [92.9039, 21.94], [92.8944, 22.0037], [92.8786, 22.0151], [92.8797, 22.0222], [92.865, 22.0238], [92.8634, 22.0627], [92.8524, 22.0663], [92.8414, 22.0592], [92.8367, 22.0717], [92.8179, 22.0752], [92.8099, 22.0959], [92.7972, 22.094], [92.7905, 22.1047], [92.7712, 22.1089], [92.7596, 22.1258], [92.7354, 22.1344], [92.7268, 22.1491], [92.6998, 22.1551], [92.692, 22.1391], [92.6896, 22.0719], [92.6881, 22.1036], [92.6818, 22.1035], [92.6799, 22.0119], [92.6516, 22.0159], [92.6349, 21.9832], [92.6032, 21.9776], [92.6128, 21.9901], [92.598, 22.0092], [92.6001, 22.0284], [92.5926, 22.0374], [92.6027, 22.0611], [92.5922, 22.0656], [92.5751, 22.1162], [92.5626, 22.128], [92.5791, 22.1429], [92.5926, 22.1388], [92.5945, 22.1251], [92.6057, 22.1234], [92.6092, 22.164], [92.6071, 22.1725], [92.5952, 22.1754], [92.5908, 22.2555], [92.581, 22.2692], [92.5866, 22.2802], [92.5772, 22.3113], [92.5812, 22.3218], [92.5593, 22.3819], [92.5598, 22.4018], [92.5521, 22.409], [92.5563, 22.4249], [92.5433, 22.493], [92.5499, 22.4973], [92.5426, 22.4988], [92.5513, 22.5133], [92.5436, 22.5138], [92.54, 22.5406], [92.5217, 22.5595], [92.5273, 22.573], [92.5383, 22.5754], [92.533, 22.5878], [92.5394, 22.5891], [92.5274, 22.6208], [92.5326, 22.6275], [92.5249, 22.6401], [92.5287, 22.6652], [92.5132, 22.7328], [92.4738, 22.7462], [92.4794, 22.7528], [92.4691, 22.7825], [92.4723, 22.7959], [92.4542, 22.8189], [92.4619, 22.8308], [92.4529, 22.843], [92.4632, 22.8417], [92.4565, 22.851], [92.4645, 22.8547], [92.4527, 22.8622], [92.4605, 22.8709], [92.4485, 22.8764], [92.4499, 22.8939], [92.4337, 22.8858], [92.4203, 22.9183], [92.4011, 22.912], [92.3976, 22.9297], [92.3764, 22.9286], [92.3718, 22.9362], [92.3782, 22.9521], [92.3744, 22.971], [92.385, 22.9858], [92.3829, 23.0339], [92.3921, 23.0571], [92.3801, 23.0863], [92.358, 23.1033], [92.3682, 23.1274], [92.357, 23.1342], [92.3644, 23.1566], [92.3468, 23.2357], [92.4042, 23.2407], [92.3812, 23.2851], [92.3857, 23.3062], [92.3644, 23.3229], [92.3807, 23.3512], [92.3791, 23.3618], [92.3705, 23.3736], [92.3642, 23.3662], [92.3564, 23.3723], [92.3651, 23.3796], [92.3526, 23.3812], [92.3574, 23.4107], [92.3477, 23.4129], [92.3465, 23.4332], [92.3339, 23.4288], [92.3271, 23.4485], [92.3333, 23.4559], [92.3255, 23.4591], [92.3318, 23.4661], [92.3171, 23.4717], [92.3262, 23.4788], [92.3161, 23.4867], [92.3228, 23.5009], [92.3136, 23.5155], [92.3179, 23.5263], [92.3063, 23.535], [92.3134, 23.5564], [92.302, 23.5921], [92.2965, 23.588], [92.2873, 23.596], [92.2873, 23.6167], [92.2961, 23.6208], [92.2885, 23.6289], [92.2786, 23.6249], [92.2818, 23.6386], [92.273, 23.6417], [92.2909, 23.691], [92.2797, 23.7158], [92.2655, 23.725], [92.2393, 23.7186], [92.2421, 23.6949], [92.2203, 23.6522], [92.2066, 23.661], [92.2137, 23.685], [92.2066, 23.7008], [92.1861, 23.711], [92.1776, 23.7078], [92.1697, 23.7397], [92.1447, 23.7335], [92.1239, 23.6955], [92.1071, 23.6891], [92.0997, 23.6767], [92.083, 23.6801], [92.0763, 23.668], [92.0792, 23.6485], [92.0629, 23.6452], [92.042, 23.6479], [92.0004, 23.6707], [91.9783, 23.7331], [91.9598, 23.7348], [91.9506, 23.7261], [91.9506, 23.6998], [91.9579, 23.6944], [91.9415, 23.6937], [91.934, 23.6846], [91.9467, 23.646], [91.9424, 23.6337], [91.9543, 23.6096], [91.9568, 23.551], [91.9645, 23.5354], [91.9563, 23.5256], [91.9711, 23.5027], [91.9703, 23.4782], [91.9583, 23.4794], [91.9586, 23.4729], [91.9367, 23.4666], [91.943, 23.4352], [91.8997, 23.4406], [91.8603, 23.4052], [91.845, 23.4047], [91.8374, 23.3706], [91.8265, 23.3641], [91.825, 23.3523], [91.7626, 23.303], [91.7614, 23.277], [91.7771, 23.2693], [91.7762, 23.2432], [91.7831, 23.2433], [91.7911, 23.2268], [91.7889, 23.2043], [91.8101, 23.1651], [91.8061, 23.1572], [91.8142, 23.145], [91.8081, 23.1355], [91.8148, 23.1333], [91.8109, 23.1215], [91.8181, 23.1122], [91.8134, 23.0993], [91.8358, 23.093], [91.8147, 23.0806], [91.8184, 23.0727], [91.806, 23.063], [91.794, 23.0623], [91.7896, 23.0717], [91.7745, 23.0696], [91.7807, 23.0292], [91.7743, 23.0271], [91.77179871556775, 23.032950461892376], [91.7261, 22.999], [91.7206, 22.9874], [91.7084, 22.9819], [91.6936, 22.9883], [91.682, 22.9773], [91.6515, 22.9767], [91.6453, 22.9849], [91.6365, 22.9621], [91.6244, 22.9613], [91.6256, 22.9441], [91.6183, 22.9384], [91.6155, 22.9518], [91.6003, 22.9543], [91.6055, 22.9624], [91.6138, 22.9584], [91.6061, 22.9719], [91.5906, 22.9769], [91.5768, 22.9652], [91.5572, 22.9785], [91.557, 22.9966], [91.5425, 22.9995], [91.5482, 23.0192], [91.5386, 23.0192], [91.5503, 23.0384], [91.5305, 23.0383], [91.5363, 23.0545], [91.525, 23.0553], [91.5353, 23.0633], [91.5251, 23.0828], [91.5298, 23.0917], [91.519, 23.0941], [91.5224, 23.104], [91.5113, 23.1042], [91.5123, 23.1132], [91.5204, 23.1144], [91.5176, 23.1254], [91.5031, 23.1305], [91.5153, 23.145], [91.4987, 23.1427], [91.4948, 23.147], [91.5072, 23.1542], [91.4909, 23.1576], [91.4983, 23.1716], [91.4917, 23.1776], [91.5075, 23.1837], [91.5032, 23.1921], [91.4849, 23.1882], [91.4709, 23.1964], [91.4824, 23.1984], [91.4844, 23.2092], [91.4754, 23.2204], [91.4586, 23.2133], [91.4506, 23.2194], [91.4703, 23.2276], [91.4579, 23.246], [91.4452, 23.2471], [91.4542, 23.2604], [91.4212, 23.2618], [91.4183, 23.2554], [91.4156, 23.2828], [91.4089, 23.2852], [91.4113, 23.2557], [91.3976, 23.2651], [91.3973, 23.2562], [91.4087, 23.2476], [91.3925, 23.2458], [91.4008, 23.2292], [91.3865, 23.2276], [91.3921, 23.22], [91.3808, 23.2084], [91.3878, 23.2079], [91.3799, 23.1845], [91.4034, 23.1137], [91.4002, 23.0965], [91.4061, 23.0969], [91.4082, 23.0834], [91.4175, 23.0829], [91.4109, 23.0663], [91.4174, 23.0648], [91.3958, 23.0561], [91.3698, 23.0704], [91.347, 23.1023], [91.3331, 23.1529], [91.3233, 23.158], [91.3187, 23.2455], [91.3266, 23.2523], [91.318, 23.2529], [91.3099, 23.2761], [91.3167, 23.2819], [91.3003, 23.2922], [91.3072, 23.2998], [91.315, 23.2966], [91.3132, 23.3063], [91.3095, 23.3139], [91.2899, 23.3185], [91.2962, 23.3409], [91.3108, 23.3424], [91.3201, 23.3601], [91.2911, 23.3507], [91.2948, 23.3612], [91.2842, 23.3711], [91.2938, 23.3712], [91.2933, 23.3776], [91.2798, 23.3766], [91.2764, 23.4148], [91.2634, 23.4237], [91.2707, 23.4298], [91.2516, 23.4536], [91.2493, 23.4902], [91.2364, 23.489], [91.2356, 23.5018], [91.218, 23.4995], [91.2236, 23.514], [91.208, 23.5121], [91.2008, 23.52], [91.2129, 23.5504], [91.1945, 23.5472], [91.1953, 23.562], [91.1753, 23.5855], [91.1771, 23.5932], [91.1625, 23.595], [91.1563, 23.6707], [91.1994, 23.6466], [91.2085, 23.6864], [91.1955, 23.6921], [91.1542, 23.6884], [91.1492, 23.7115], [91.1569, 23.7416], [91.1675, 23.7496], [91.1966, 23.7511], [91.2104, 23.7492], [91.219, 23.7364], [91.2307, 23.7649], [91.2266, 23.7916], [91.2541, 23.837], [91.2296, 23.8806], [91.2285, 23.8986], [91.2462, 23.9131], [91.233, 23.927], [91.2762, 23.9225], [91.2642, 23.9442], [91.2844, 23.9818], [91.2877, 23.968], [91.2998, 23.9721], [91.304, 23.998], [91.3151, 23.9905], [91.3301, 23.9924], [91.3406, 23.9821], [91.3617, 23.9863], [91.3795, 23.9753], [91.3733, 24.0026], [91.3909, 24.0258], [91.3966, 24.0496], [91.3771, 24.0798], [91.3746, 24.1078], [91.4281, 24.1085], [91.4308, 24.0999], [91.4422, 24.0973], [91.4732, 24.1018], [91.5453, 24.0742], [91.5744, 24.08], [91.5861, 24.0726], [91.5985, 24.0844], [91.5945, 24.0965], [91.6115, 24.0921], [91.638, 24.1034], [91.6344, 24.1381], [91.6466, 24.1566], [91.6468, 24.1786], [91.6563, 24.1762], [91.66, 24.1895], [91.6478, 24.2186], [91.6652, 24.2335], [91.6667, 24.2119], [91.6883, 24.1621], [91.7033, 24.1633], [91.7061, 24.1543], [91.7218, 24.1525], [91.7284, 24.1432], [91.7595, 24.1416], [91.745, 24.247], [91.8167, 24.21], [91.8447, 24.2258], [91.8552, 24.213], [91.842, 24.2013], [91.846, 24.1913], [91.8739, 24.174], [91.8846, 24.1386], [91.9058, 24.1386], [91.9408, 24.2681], [91.92, 24.3375], [91.9413, 24.3425], [91.9568, 24.3566], [91.969, 24.3502], [91.9771, 24.3274], [91.996, 24.3221], [91.9964, 24.338], [91.9669, 24.38], [91.972, 24.3848], [91.9858, 24.3769], [91.9964, 24.3937], [92.0073, 24.3814], [92.0201, 24.3865], [92.044, 24.3749], [92.0904, 24.3719], [92.1024, 24.383], [92.1219, 24.3822], [92.1192, 24.3904], [92.135, 24.4068], [92.137, 24.425], [92.1634, 24.4186], [92.1691, 24.4278], [92.1505, 24.4952], [92.1591, 24.507], [92.155, 24.523], [92.1677, 24.5308], [92.2023, 24.5073], [92.2136011151644, 24.50504782046546], [92.2311, 24.5312], [92.2356, 24.5978], [92.2548, 24.6781], [92.2958, 24.7364], [92.2791, 24.7454], [92.2901, 24.7595], [92.2818, 24.7752], [92.2889, 24.7845], [92.2734, 24.7997], [92.2727, 24.8276], [92.2491, 24.8297], [92.255, 24.8384], [92.2415, 24.8425], [92.2349, 24.8614], [92.2463, 24.8675], [92.2481, 24.8855], [92.2329, 24.9001], [92.2478, 24.9088], [92.2818, 24.9058], [92.3007, 24.9153], [92.3069, 24.902], [92.3265, 24.8966], [92.3393, 24.8782], [92.348, 24.8916], [92.3634, 24.8719], [92.3749, 24.8738], [92.3845, 24.8526], [92.3999, 24.8487], [92.4064, 24.8589], [92.4376, 24.8557], [92.4448, 24.872], [92.4879, 24.8713], [92.4968, 24.9017], [92.484, 24.9285], [92.4877, 24.9467], [92.4493, 24.9387], [92.4497, 24.95], [92.4684, 24.9627], [92.4578, 24.9706], [92.4203, 24.9659], [92.4221, 24.9885], [92.4163, 24.9899], [92.42523688828328, 25.02932160720517], [92.4215, 25.0278], [92.3697, 25.0409], [92.3629, 25.0499], [92.3395, 25.05], [92.3486, 25.0735], [92.335, 25.0784], [92.3104, 25.0693], [92.2277, 25.0936], [92.2222, 25.1038], [92.1962, 25.108], [92.2004, 25.12], [92.2195, 25.1166], [92.1945, 25.1256], [92.1894, 25.1363], [92.1839, 25.1179], [92.179, 25.1261], [92.1596, 25.1266], [92.1657, 25.136], [92.1358, 25.1387], [92.1446, 25.1397], [92.1344, 25.1429], [92.1397, 25.154], [92.1329, 25.1601], [92.0739, 25.1849], [92.0406, 25.1864], [92.0261, 25.1792], [92.0038, 25.1862], [91.9717, 25.1676], [91.9668, 25.1764], [91.9143, 25.1813], [91.8806, 25.1729], [91.8277, 25.1778], [91.7746, 25.1631], [91.759, 25.1683], [91.7553, 25.1774], [91.7448, 25.1703], [91.7476, 25.1402], [91.7037, 25.16], [91.6918, 25.1371], [91.6699, 25.1379], [91.665, 25.1284], [91.6528, 25.1312], [91.6379, 25.1225], [91.6231, 25.128], [91.6214, 25.1435], [91.6023, 25.1423], [91.5999, 25.1594], [91.6154, 25.1699], [91.6102, 25.1769], [91.577, 25.1717], [91.5716, 25.1654], [91.5766, 25.1598], [91.5632, 25.1606], [91.5572, 25.1498], [91.5096, 25.1474], [91.4996, 25.1354], [91.4706, 25.1336], [91.4642, 25.1348], [91.4686, 25.1518], [91.4406, 25.1496], [91.4146, 25.1711], [91.4109, 25.1637], [91.3982, 25.1647], [91.3688, 25.1706], [91.3638, 25.1781], [91.3538, 25.1713], [91.2866, 25.1854], [91.2922, 25.1933], [91.268, 25.2072], [91.2516, 25.1952], [91.1947, 25.2018], [91.1263, 25.194], [91.0696, 25.1984], [91.0702, 25.1922], [91.0191, 25.187], [90.928, 25.1622], [90.884, 25.1667], [90.862, 25.1576], [90.8058, 25.166], [90.8055, 25.1736], [90.7804, 25.1861], [90.7634, 25.178], [90.7602, 25.1681], [90.7342, 25.1668], [90.7419, 25.1612], [90.7333, 25.1549], [90.7104, 25.1681], [90.6981, 25.1568], [90.6822, 25.1643], [90.6862, 25.1743], [90.6757, 25.1764], [90.666, 25.1658], [90.6634, 25.1979], [90.657, 25.1848], [90.648, 25.1942], [90.6511, 25.1822], [90.6403, 25.1836], [90.6409, 25.1745], [90.5086, 25.1754], [90.5099, 25.1694], [90.4991, 25.1722], [90.4411, 25.1445], [90.4045, 25.16], [90.3705, 25.1628], [90.3302, 25.1938], [90.3104, 25.1888], [90.234, 25.2049], [90.2255, 25.2005], [90.1715, 25.2231], [90.1124, 25.2254], [90.0545, 25.2614], [90.0338, 25.2623], [90.0042, 25.2806], [89.9808, 25.2809], [89.9771, 25.2968], [89.9667, 25.3037], [89.9492, 25.2927], [89.9439, 25.3044], [89.939, 25.299], [89.9087, 25.3081], [89.8766, 25.2853], [89.8312, 25.296], [89.8414, 25.315], [89.8214, 25.3555], [89.8255, 25.4135], [89.843, 25.4564], [89.8717, 25.4773], [89.8522, 25.4659], [89.8493, 25.4928], [89.8539, 25.5042], [89.8696, 25.5116], [89.8513, 25.5386], [89.866, 25.5462], [89.8818, 25.6259], [89.8711, 25.6626], [89.8467, 25.6956], [89.8503, 25.7134], [89.8355, 25.7155], [89.8285, 25.7279], [89.827, 25.7404], [89.8403, 25.7672], [89.8264, 25.8105], [89.8165, 25.8143], [89.8353, 25.8407], [89.8326, 25.8706], [89.8782, 25.9242], [89.8871, 25.9452], [89.8427, 25.94], [89.8254, 25.9455], [89.8306, 25.9552], [89.8493, 25.9491], [89.8386, 25.9679], [89.8668, 25.972], [89.871, 25.9808], [89.8507, 25.9897], [89.8358, 26.0126], [89.8359, 25.9824], [89.8203, 25.9876], [89.8149, 25.9977], [89.8206, 25.9984], [89.8193, 26.0258], [89.8074, 26.044], [89.788, 26.0192], [89.8018, 26.0403], [89.7935, 26.0423], [89.7908, 26.0343], [89.7881, 26.0403], [89.7738, 26.0379], [89.7886, 26.0485], [89.7854, 26.0569], [89.7988, 26.0596], [89.7964, 26.0761], [89.7901, 26.0754], [89.7949, 26.0875], [89.7813, 26.0834], [89.7832, 26.106], [89.7562, 26.1094], [89.7666, 26.1305], [89.754, 26.1394], [89.7477, 26.1574], [89.7205, 26.1563], [89.717, 26.1654], [89.7366, 26.1728], [89.7128, 26.1681], [89.7014, 26.1518], [89.6813, 26.1636], [89.7021, 26.174], [89.6874, 26.1814], [89.6863, 26.1983], [89.6732, 26.203], [89.6915, 26.2117], [89.6793, 26.2151], [89.679, 26.2241], [89.6894, 26.2213], [89.6861, 26.2307], [89.6818, 26.2277], [89.6787, 26.2382], [89.6719, 26.22], [89.662, 26.2192], [89.6344, 26.2294], [89.6327, 26.21], [89.65, 26.1902], [89.6443, 26.1849], [89.6302, 26.1958], [89.6278, 26.1843], [89.6587, 26.1762], [89.6464, 26.1644], [89.6322, 26.1719], [89.6366, 26.1787], [89.6236, 26.1711], [89.6239, 26.1791], [89.6075, 26.1791], [89.6152, 26.1759], [89.6112, 26.1686], [89.6198, 26.1678], [89.609, 26.1536], [89.5916, 26.1579], [89.5979, 26.1535], [89.5965, 26.1352], [89.6075, 26.1251], [89.6013, 26.1234], [89.6042, 26.1175], [89.612, 26.1277], [89.6205, 26.1197], [89.6252, 26.1286], [89.6304, 26.1183], [89.6158, 26.1068], [89.5979, 26.1127], [89.6001, 26.1035], [89.5939, 26.1021], [89.6086, 26.0884], [89.6102, 26.096], [89.6173, 26.0947], [89.6138, 26.1035], [89.6302, 26.1069], [89.6397, 26.0901], [89.6338, 26.0803], [89.6501, 26.063], [89.6306, 26.0627], [89.6201, 26.0533], [89.6054, 26.0638], [89.6126, 26.0523], [89.5922, 26.0448], [89.5977, 26.0378], [89.5871, 26.0384], [89.5854, 26.0263], [89.5787, 26.0263], [89.5852, 25.9759], [89.5759, 25.9814], [89.5779, 25.9693], [89.5688, 25.9678], [89.566, 25.9803], [89.5557, 25.9652], [89.5384, 25.9728], [89.5355, 25.9902], [89.5482, 25.9992], [89.5409, 26.0059], [89.4913, 26.006], [89.4804, 25.9961], [89.4287, 26.0123], [89.4328, 26.0375], [89.4238, 26.0469], [89.4074, 26.0415], [89.403, 26.0273], [89.3907, 26.0227], [89.3927, 26.0071], [89.3492, 26.0103], [89.3257, 26.0363], [89.3004, 26.0504], [89.2759, 26.049], [89.2809, 26.0656], [89.2709, 26.0599], [89.2544, 26.0641], [89.2669, 26.0924], [89.2516, 26.0914], [89.2518, 26.1012], [89.2292, 26.1166], [89.2294, 26.1239], [89.2031, 26.1293], [89.1924, 26.1236], [89.1554, 26.1386], [89.1485, 26.1581], [89.1573, 26.1632], [89.141, 26.1694], [89.1346, 26.181], [89.1492, 26.2089], [89.1415, 26.2167], [89.1409, 26.2359], [89.12, 26.2528], [89.1252, 26.2635], [89.1001, 26.2795], [89.1071, 26.2912], [89.0999, 26.3046], [89.1047, 26.3158], [89.1222, 26.2872], [89.1363, 26.3201], [89.1127, 26.3184], [89.0973, 26.3292], [89.0919, 26.3203], [89.0835, 26.3224], [89.1013, 26.3365], [89.0933, 26.3529], [89.0983, 26.3589], [89.0797, 26.3628], [89.0885, 26.3657], [89.0963, 26.3912], [89.0816, 26.3902], [89.0844, 26.3983], [89.0739, 26.3911], [89.0626, 26.4008], [89.0336, 26.3954], [89.0299, 26.4071], [89.0199, 26.4041], [89.0225, 26.4136], [89.0072, 26.4127], [89.0055, 26.4216], [88.9937, 26.423], [88.9942, 26.4128], [88.9808, 26.4253], [88.9833, 26.4465], [88.9663, 26.4513], [88.9657, 26.4576], [88.9558, 26.4602], [88.9654, 26.4515], [88.9462, 26.4479], [88.9512, 26.4336], [88.9448, 26.4256], [88.9262, 26.4321], [88.9328, 26.4268], [88.923, 26.4234], [88.9313, 26.4142], [88.9266, 26.4068], [88.9048, 26.4085], [88.9182, 26.4004], [88.9091, 26.38], [88.9214, 26.3772], [88.911, 26.3681], [88.9201, 26.3662], [88.9194, 26.3594], [88.9261, 26.3647], [88.9468, 26.3557], [88.9533, 26.366], [88.9585, 26.3579], [88.9462, 26.3439], [88.959, 26.3435], [88.9518, 26.3426], [88.9569, 26.33], [88.9614, 26.3523], [88.9871, 26.3484], [88.9849, 26.3339], [89.001, 26.3297], [88.9916, 26.3218], [88.9971, 26.3137], [88.9846, 26.318], [88.9827, 26.3096], [88.9849, 26.3006], [88.9976, 26.2996], [88.9957, 26.2902], [89.0071, 26.3044], [89.018, 26.2897], [89.0212, 26.3091], [89.0266, 26.3053], [89.0197, 26.2898], [89.0275, 26.2825], [89.0408, 26.2858], [89.0399, 26.2765], [89.0483, 26.28], [89.0459, 26.2954], [89.0595, 26.2933], [89.0625, 26.2787], [89.0539, 26.2771], [89.0633, 26.2704], [89.0627, 26.2541], [89.0522, 26.256], [89.0507, 26.2417], [89.0281, 26.2475], [88.9573, 26.2403], [88.9263, 26.2838], [88.8981, 26.2886], [88.8759, 26.2866], [88.8614, 26.2727], [88.8615, 26.2519], [88.8777, 26.2422], [88.8779, 26.2334], [88.8417, 26.2307], [88.8277, 26.2396], [88.8292, 26.2497], [88.8129, 26.256], [88.81, 26.2769], [88.8191, 26.2945], [88.7936, 26.31], [88.7584, 26.2947], [88.7473, 26.301], [88.7297, 26.2946], [88.7171, 26.2811], [88.6997, 26.2842], [88.6861, 26.2768], [88.6924, 26.269], [88.681, 26.2596], [88.6662, 26.2627], [88.6722, 26.2685], [88.668, 26.2972], [88.6787, 26.2988], [88.6831, 26.3085], [88.6751, 26.3201], [88.6957, 26.3287], [88.6935, 26.314], [88.7152, 26.3179], [88.719, 26.3121], [88.7306, 26.3236], [88.7465, 26.3224], [88.7487, 26.3319], [88.7339, 26.3285], [88.7453, 26.3479], [88.7333, 26.3538], [88.7359, 26.348], [88.7262, 26.3413], [88.7128, 26.3437], [88.7028, 26.3344], [88.7041, 26.3418], [88.6941, 26.3467], [88.6985, 26.3572], [88.681, 26.3794], [88.7023, 26.3884], [88.6723, 26.3957], [88.6868, 26.406], [88.6678, 26.4072], [88.6445, 26.4187], [88.6498, 26.4296], [88.6238, 26.435], [88.6229, 26.4711], [88.5948, 26.4707], [88.593, 26.4498], [88.5595, 26.4575], [88.5628, 26.4666], [88.5526, 26.4753], [88.5568, 26.4848], [88.5265, 26.4814], [88.5214, 26.5105], [88.5073, 26.5164], [88.4899, 26.5106], [88.4846, 26.541], [88.4591, 26.5472], [88.4483, 26.5353], [88.436, 26.545], [88.4212, 26.571], [88.418, 26.6213], [88.4096, 26.6347], [88.3869, 26.6119], [88.3984, 26.6035], [88.376, 26.5947], [88.3709, 26.5606], [88.3573, 26.5423], [88.3594, 26.5301], [88.3321, 26.4931], [88.3319, 26.4818], [88.3409, 26.4782], [88.3548, 26.447], [88.3657, 26.4711], [88.3605, 26.4846], [88.3709, 26.4882], [88.3885, 26.4783], [88.4043, 26.4861], [88.4198, 26.4657], [88.4281, 26.473], [88.4852, 26.4603], [88.4789, 26.4523], [88.4962, 26.4371], [88.4898, 26.4296], [88.4984, 26.4252], [88.494, 26.4187], [88.5028, 26.4175], [88.4956, 26.4095], [88.5028, 26.403], [88.509, 26.4072], [88.505, 26.3987], [88.5129, 26.3876], [88.5192, 26.39], [88.5128, 26.3778], [88.5172, 26.3706], [88.5248, 26.3748], [88.5153, 26.3648], [88.5234, 26.3608], [88.5057, 26.3486], [88.5078, 26.3622], [88.4884, 26.3603], [88.4919, 26.3514], [88.4828, 26.3496], [88.4586, 26.3621], [88.4577, 26.3767], [88.4355, 26.3358], [88.413, 26.3374], [88.4041, 26.3294], [88.4156, 26.3243], [88.4149, 26.3148], [88.3847, 26.3133], [88.3496, 26.2822], [88.3486, 26.2502], [88.3597, 26.2424], [88.3503, 26.2202], [88.3313, 26.2171], [88.3198, 26.2029], [88.2858, 26.2002], [88.2694, 26.1865], [88.2418, 26.1891], [88.2271, 26.1685], [88.2144, 26.17], [88.2164, 26.1635], [88.2057, 26.1592], [88.1968, 26.1635], [88.1951, 26.1522], [88.1772, 26.148], [88.1784, 26.1236], [88.1633, 26.1073], [88.1584, 26.0956], [88.1657, 26.0882], [88.1584, 26.0798], [88.1686, 26.0836], [88.1833, 26.0729], [88.1793, 26.0465], [88.1695, 26.0452], [88.1718, 26.0328], [88.1832, 26.0268], [88.1398, 26.013], [88.1437, 26.0004], [88.1297, 25.9969], [88.1279, 25.9766], [88.1193, 25.9716], [88.1243, 25.9661], [88.114, 25.9585], [88.1224, 25.9484], [88.1126, 25.9435], [88.1112, 25.9331], [88.0942, 25.9309], [88.0863, 25.9175], [88.0944, 25.9085], [88.0903, 25.8965], [88.103, 25.8892], [88.094, 25.8737], [88.1021, 25.8715], [88.1025, 25.8618], [88.1101, 25.8687], [88.1139, 25.8545], [88.1012, 25.8431], [88.1083, 25.839], [88.1017, 25.8288], [88.1116, 25.8217], [88.1071, 25.8151], [88.1201, 25.8124], [88.1145, 25.7979], [88.1437, 25.7937], [88.1417, 25.7801], [88.1511, 25.7755], [88.1596, 25.7876], [88.1731, 25.7866], [88.1838, 25.8017], [88.2095, 25.7868], [88.2157, 25.8014], [88.231, 25.7967], [88.2361, 25.8094], [88.2469, 25.806], [88.2486, 25.8134], [88.2597, 25.8138], [88.2696, 25.8082], [88.2666, 25.7826], [88.3172, 25.7525], [88.3208, 25.7378], [88.3374, 25.7377], [88.3743, 25.7171], [88.3716, 25.6969], [88.3915, 25.6935], [88.3902, 25.684], [88.4052, 25.6842], [88.402, 25.6725], [88.4536, 25.665], [88.4558, 25.6286], [88.4452, 25.6157], [88.4447, 25.5965], [88.4579, 25.5986], [88.4695, 25.5831], [88.4999, 25.5839], [88.4935, 25.5589], [88.5091, 25.5441], [88.5197, 25.5446], [88.5229, 25.5354], [88.5331, 25.5421], [88.5328, 25.5322], [88.5404, 25.5322], [88.54, 25.5083], [88.5522, 25.5208], [88.5601, 25.5125], [88.5955, 25.506], [88.6091, 25.5163], [88.6074, 25.5086], [88.6225, 25.497], [88.6485, 25.4963], [88.6427, 25.4927], [88.6471, 25.4778], [88.66, 25.4817], [88.663, 25.4736], [88.6996, 25.4712], [88.7104, 25.4806], [88.7075, 25.4999], [88.7129, 25.4954], [88.7421, 25.505], [88.7448, 25.4879], [88.7688, 25.4985], [88.7588, 25.5253], [88.7803, 25.5152], [88.8105, 25.5231], [88.8121, 25.4916], [88.8297, 25.4903], [88.8393, 25.4588], [88.8262, 25.4445], [88.8343, 25.4317], [88.83, 25.4169], [88.8183, 25.4181], [88.8123, 25.4105], [88.8409, 25.3976], [88.8402, 25.3638], [88.8689, 25.3522], [88.8665, 25.343], [88.8838, 25.3263], [88.8877, 25.3367], [88.9062, 25.3377], [88.9155, 25.312], [88.9278, 25.3172], [88.9295, 25.3041], [89.0094, 25.2997], [89.0076, 25.2636], [88.9868, 25.2745], [88.9823, 25.2649], [88.9549, 25.2533], [88.952, 25.2298], [88.9617, 25.2088], [88.9364, 25.2105], [88.9339, 25.1997], [88.9476, 25.1944], [88.9488, 25.1766], [88.9412, 25.1734], [88.9326, 25.1809], [88.9231, 25.1649], [88.9124, 25.168], [88.911, 25.1803], [88.8895, 25.1847], [88.8893, 25.1785], [88.8755, 25.1793], [88.875, 25.1962], [88.8642, 25.1901], [88.8649, 25.2006], [88.8516, 25.2005], [88.8438, 25.2138], [88.8059, 25.1705], [88.7737, 25.1794], [88.7694, 25.1898], [88.7488, 25.177], [88.7509, 25.1828], [88.7345, 25.1847], [88.733, 25.1988], [88.7116, 25.2075], [88.6801, 25.2089], [88.6689, 25.1983], [88.6427, 25.2061], [88.6129, 25.2041], [88.5979, 25.1909], [88.59, 25.1926], [88.5912, 25.1851], [88.5796, 25.1768], [88.5656, 25.1751], [88.5557, 25.179], [88.5576, 25.1926], [88.534, 25.1875], [88.5378, 25.1978], [88.5001, 25.2034], [88.499, 25.2103], [88.4755, 25.2134], [88.4718, 25.1974], [88.4437, 25.1973], [88.442, 25.1743], [88.4572, 25.1647], [88.4614, 25.1494], [88.4587, 25.1356], [88.4415, 25.1275], [88.4464, 25.0828], [88.4529, 25.0793], [88.4353, 25.0553], [88.4378, 25.0431], [88.4527, 25.0369], [88.4386, 25.0224], [88.4368, 25.0067], [88.4276, 25.0076], [88.4256, 25.0164], [88.4205, 24.9997], [88.4121, 24.9988], [88.4173, 24.9743], [88.4051, 24.9797], [88.4057, 24.9723], [88.3952, 24.9691], [88.3988, 24.9453], [88.3816, 24.9391], [88.364, 24.9533], [88.3547, 24.942], [88.3404, 24.9401], [88.3366, 24.9187], [88.3243, 24.9164], [88.3328, 24.8971], [88.3436, 24.8997], [88.347, 24.8924], [88.3306, 24.8701], [88.3211, 24.8835], [88.3017, 24.872], [88.3019, 24.8859], [88.2781, 24.8881], [88.2761, 24.8978], [88.2672, 24.8783], [88.2583, 24.8776], [88.2645, 24.8981], [88.2605, 24.9193], [88.2261, 24.9597], [88.1836, 24.9539], [88.1755, 24.9462], [88.1702, 24.9504], [88.1575, 24.9335], [88.138, 24.9362], [88.1404, 24.914], [88.1695, 24.8919], [88.1576, 24.8923], [88.1527, 24.8844], [88.1751, 24.8604], [88.1622, 24.858], [88.1603, 24.8486], [88.1449, 24.8511], [88.1409, 24.8344], [88.1319, 24.836], [88.1359, 24.8051], [88.1235, 24.8231], [88.1111, 24.8129], [88.1061, 24.7796], [88.089, 24.7829], [88.0779, 24.7691], [88.0683, 24.7692], [88.0745, 24.7607], [88.0658, 24.7507], [88.0725, 24.7436], [88.0628, 24.7216], [88.0088, 24.6679], [88.0412, 24.6433], [88.0964, 24.5571], [88.1408, 24.5112], [88.1735, 24.493], [88.1984, 24.4625], [88.2719, 24.4406], [88.334, 24.3814], [88.3893, 24.3719], [88.4249, 24.3832], [88.4464, 24.3786], [88.5079, 24.3425], [88.5271, 24.3444], [88.5551, 24.2933], [88.5677, 24.3267], [88.5872, 24.3241], [88.5879, 24.3143], [88.6033, 24.3101], [88.6236, 24.3157], [88.6285, 24.3051], [88.6944, 24.3156], [88.7248, 24.2978], [88.7352, 24.277], [88.741, 24.2539], [88.7314, 24.1734], [88.7465, 24.1471], [88.707, 24.1191], [88.6976, 24.1206], [88.6932, 24.1112], [88.7255, 24.0654], [88.7416, 24.0572], [88.7411, 24.0486], [88.7246, 24.0477], [88.7248, 24.0416], [88.7575, 24.0321], [88.7347, 24.0175], [88.729, 23.9961], [88.7602, 24.0061], [88.7692, 23.983], [88.7382, 23.983], [88.7325, 23.9611], [88.7425, 23.951], [88.7434, 23.9302], [88.735, 23.9326], [88.7334, 23.911], [88.7064, 23.9158], [88.6993, 23.9102], [88.70319090909089, 23.899981818181836], [88.6884, 23.9015], [88.6829, 23.8886], [88.6643, 23.8824], [88.6676, 23.8694], [88.6377, 23.8714], [88.6264, 23.8649], [88.6251, 23.8748], [88.6171, 23.8766], [88.608, 23.8623], [88.5875, 23.8715], [88.5756, 23.8616], [88.5784, 23.8507], [88.591, 23.8532], [88.5867, 23.8309], [88.6021, 23.8167], [88.5945, 23.8089], [88.5851, 23.8136], [88.5962, 23.8049], [88.5813, 23.797], [88.5781, 23.7866], [88.556, 23.7842], [88.5796, 23.7747], [88.5808, 23.7605], [88.5701, 23.7481], [88.5766, 23.733], [88.5645, 23.7114], [88.5738, 23.6669], [88.5582, 23.6492], [88.5622, 23.6372], [88.5938, 23.6408], [88.5941, 23.6176], [88.5853, 23.6165], [88.5803, 23.6029], [88.5972, 23.6019], [88.6063, 23.6104], [88.6057, 23.6001], [88.6455, 23.6093], [88.6388, 23.5907], [88.6506, 23.5854], [88.6541, 23.5564], [88.678, 23.5461], [88.6972, 23.5164], [88.7149, 23.5085], [88.7243, 23.5125], [88.7414, 23.4797], [88.7609, 23.4784], [88.7605, 23.4899], [88.7749, 23.4799], [88.7684, 23.4904], [88.7859, 23.5072], [88.7843, 23.4973], [88.7927, 23.5029], [88.8008, 23.4971], [88.7946, 23.4856], [88.8014, 23.4858], [88.7873, 23.4691], [88.7949, 23.4431], [88.7791, 23.4373], [88.7733, 23.4483], [88.7644, 23.4483], [88.7544, 23.4164], [88.7611, 23.408], [88.7493, 23.4006], [88.753, 23.3894], [88.7629, 23.3872], [88.7585, 23.3741], [88.7654, 23.3679], [88.7582, 23.3599], [88.7477, 23.362], [88.746, 23.349], [88.732, 23.352], [88.7391, 23.3435], [88.7328, 23.3279], [88.7497, 23.3215], [88.7453, 23.3078], [88.7318, 23.308], [88.7304, 23.3196], [88.7247, 23.3178], [88.726, 23.299], [88.7064, 23.3043], [88.7103, 23.3129], [88.6964, 23.3023], [88.6976, 23.2917], [88.709, 23.2897], [88.7114, 23.2782], [88.7239, 23.2727], [88.719, 23.2547], [88.7519, 23.2402], [88.7695, 23.2448], [88.7781, 23.2361], [88.7744, 23.2244], [88.7898, 23.2183], [88.8114, 23.2215], [88.8059, 23.2379], [88.8116, 23.2561], [88.8288, 23.2449], [88.8238, 23.2334], [88.8363, 23.2433], [88.8449, 23.2305], [88.8557, 23.2362], [88.8862, 23.2259], [88.9069, 23.236], [88.9149, 23.2288], [88.9146, 23.2135], [88.9266, 23.218], [88.9423, 23.2062], [88.9709, 23.2227], [88.9787, 23.2145], [88.9763, 23.2245], [88.9796, 23.2155], [88.9828, 23.2218], [88.9957, 23.2147], [88.9798, 23.2129], [88.9877, 23.2027], [88.9804, 23.1825], [88.9666, 23.1937], [88.9391, 23.1768], [88.934, 23.1618], [88.9279, 23.163], [88.9308, 23.1432], [88.923, 23.1448], [88.9179, 23.1291], [88.9103, 23.1297], [88.8999, 23.1119], [88.8684, 23.1011], [88.8746, 23.0898], [88.861, 23.0773], [88.8742, 23.0658], [88.8749, 23.0445], [88.8841, 23.0404], [88.8722, 23.0174], [88.8798, 23.0063], [88.8451, 23.0099], [88.8644, 23.0012], [88.871, 22.9786], [88.857, 22.9689], [88.8591, 22.9436], [88.8793, 22.954], [88.8943, 22.952], [88.8869, 22.9332], [88.9081, 22.9199], [88.8957, 22.9127], [88.9094, 22.8799], [88.9288, 22.8725], [88.9454, 22.8807], [88.9685, 22.845], [88.9555, 22.8118], [88.9581, 22.7962], [88.9381, 22.793], [88.911, 22.7578], [88.9208, 22.7532], [88.9157, 22.7365], [88.9279, 22.7184], [88.9624, 22.695], [88.9451, 22.6625], [88.9271, 22.6496], [88.9349, 22.6212], [88.9601, 22.6166], [88.9389, 22.5922], [88.9407, 22.5613], [88.9618, 22.5489], [88.9747, 22.4962], [88.9961, 22.469], [88.9885, 22.4451], [89.0001, 22.4298], [88.9719, 22.4099], [88.9943, 22.3887], [88.9823, 22.3735], [88.9893, 22.3653], [88.9845, 22.3267], [89.0004, 22.3243], [89.0239, 22.2993], [88.9994, 22.297], [88.9951, 22.2863], [89.0205, 22.2685], [89.013, 22.2546], [89.0342, 22.2583], [89.0389, 22.2307], [89.0716, 22.1969], [89.064, 22.1705], [89.0711, 22.1473], [89.0912, 22.1582], [89.0987, 22.1519], [89.0506, 22.1161], [89.0382, 22.0966], [89.0433, 22.0617], [89.0769, 22.0084], [89.0797, 21.984], [89.068, 21.9316], [89.0283, 21.9287], [88.9974, 21.9502], [89.0141, 21.9767], [89.0096281797776, 21.980062531485068], [88.9886, 21.951], [89.017, 21.9264], [89.0123, 21.903], [88.9465, 21.9288], [88.9288, 21.9451], [88.9249, 21.9651], [88.9444, 21.9861], [88.9436, 22.0009], [88.9831, 21.9855], [88.9876, 21.9715], [89.0094806969531, 21.980173429422855], [89.00167840705966, 21.986040267559787], [88.9883, 21.9744], [88.9863, 21.9868], [88.9536, 22.0122], [88.9357, 22.0118], [88.9329, 21.9908], [88.9178, 21.9809], [88.9151, 22.0085], [88.9025, 22.0039], [88.9044, 21.9279], [88.8582, 21.9204], [88.8161, 21.9418], [88.7999, 21.9268], [88.8133, 21.9038], [88.8398, 21.8864], [88.8201, 21.8378], [88.8308, 21.8081], [88.8215, 21.7814], [88.8326, 21.7662], [88.8647, 21.7614], [88.8412, 21.7169], [88.8432, 21.6825], [88.8615, 21.6409], [88.8441, 21.6264], [88.8456, 21.6191], [88.8045, 21.6372], [88.8224, 21.667], [88.8146, 21.7107], [88.803, 21.7175], [88.7627, 21.702], [88.7839, 21.7191], [88.7809, 21.732], [88.7938, 21.737], [88.7862, 21.7414], [88.7905, 21.75], [88.7835, 21.7414], [88.7899, 21.7379], [88.777, 21.7324], [88.7559, 21.7353], [88.7672, 21.7633], [88.7501, 21.7705], [88.7657, 21.7864], [88.7811, 21.8252], [88.7641, 21.7896], [88.7455, 21.7732], [88.7598, 21.7618], [88.7524, 21.7333], [88.7776, 21.7213], [88.7565, 21.703], [88.7687, 21.6937], [88.8099, 21.7045], [88.8079, 21.6627], [88.7964, 21.6559], [88.7703, 21.6657], [88.7448, 21.6608], [88.7114, 21.6896], [88.6938, 21.7453], [88.7113, 21.787], [88.7111, 21.8069], [88.696, 21.8426], [88.7227, 21.9322], [88.7255, 21.9795], [88.7504, 21.9976], [88.7515, 22.0062], [88.7102, 21.996], [88.6896, 21.9716], [88.6956, 21.9513], [88.6907, 21.9557], [88.6786, 21.9431], [88.6568, 21.9537], [88.6307, 21.9544], [88.6385, 22.0041], [88.6235, 22.0115], [88.60638474770643, 21.99780779816514], [88.5994, 21.9764], [88.6149, 21.938], [88.6104, 21.9293], [88.59125825105042, 21.946973650210083], [88.6099, 21.921], [88.5826, 21.8914], [88.5501, 21.9224], [88.5435, 21.9686], [88.5563, 21.9729], [88.5653, 21.9599], [88.58221401532516, 21.95532422773812], [88.5765, 21.9606], [88.5774, 21.9813], [88.59171655794587, 21.99031412907703], [88.5712, 22.0004], [88.5841, 21.99], [88.5741, 21.9779], [88.5738, 21.961], [88.554, 21.9764], [88.5349, 21.9687], [88.5411, 21.9665], [88.5488, 21.9203], [88.5687, 21.9041], [88.5602, 21.8989], [88.541, 21.9074], [88.54241244191276, 21.901985639334434], [88.5721, 21.8957], [88.575, 21.8815], [88.5576, 21.881], [88.5522, 21.8736], [88.55478709729316, 21.863210545790945], [88.5542, 21.8761], [88.5742, 21.8755], [88.574, 21.8561], [88.5659, 21.847], [88.5651, 21.852], [88.5564, 21.8278], [88.55595342370525, 21.837604379562038], [88.551, 21.8168], [88.5388, 21.8323], [88.544, 21.843], [88.5379, 21.8323], [88.5311, 21.8455], [88.5433, 21.8546], [88.54157704035246, 21.86886227708232], [88.5388, 21.8632], [88.5186, 21.8756], [88.5392, 21.8625], [88.536, 21.8558], [88.5254, 21.8526], [88.5009, 21.8717], [88.4969, 21.8861], [88.4599, 21.8942], [88.45200559210524, 21.903014144736872], [88.4579, 21.8945], [88.4751, 21.8898], [88.4836, 21.8705], [88.4879, 21.8404], [88.4716, 21.8364], [88.4475, 21.8132], [88.4604, 21.7924], [88.4452, 21.803], [88.43487088607596, 21.801379746835444], [88.4556, 21.7891], [88.4714, 21.7925], [88.453, 21.7516], [88.4528, 21.7182], [88.4715, 21.6739], [88.4502, 21.6118], [88.434, 21.6037], [88.4272, 21.6053], [88.4411, 21.6228], [88.4204, 21.6531], [88.4191, 21.6829], [88.4325, 21.7044], [88.41239374467399, 21.727731490821995], [88.4281, 21.7023], [88.4133, 21.6929], [88.4109, 21.6569], [88.432, 21.6208], [88.4118, 21.6118], [88.4071, 21.5897], [88.3969, 21.5899], [88.3847, 21.6108], [88.3936, 21.6235], [88.3809, 21.6627], [88.3825, 21.683], [88.3996, 21.6991], [88.4042, 21.7166], [88.3959, 21.7253], [88.3688, 21.7274], [88.3891, 21.7358], [88.3958, 21.7546], [88.40365423427428, 21.741882462769503], [88.4053, 21.7545], [88.3966, 21.7558], [88.3834, 21.7777], [88.4188, 21.8109], [88.42860795625943, 21.805089851998495], [88.4259, 21.8145], [88.4174, 21.8132], [88.3794, 21.7876], [88.3746, 21.7681], [88.3428, 21.7613], [88.3443, 21.721], [88.3339, 21.7139], [88.3273, 21.7265], [88.3291, 21.709], [88.3208, 21.7087], [88.3063, 21.717], [88.30449921568626, 21.735408017429187], [88.2993, 21.7149], [88.2914, 21.7123], [88.2798, 21.7349], [88.2891, 21.7788], [88.30432030804334, 21.73723685111239], [88.3, 21.7814], [88.283, 21.7895], [88.2818, 21.7625], [88.2615, 21.7322], [88.2754, 21.727], [88.3012, 21.6824], [88.3026, 21.6606], [88.2844, 21.6007], [88.3103, 21.5813], [88.2765, 21.5567], [88.2484, 21.5617], [88.237, 21.5765], [88.2456, 21.5875], [88.2363, 21.605], [88.2185, 21.6159], [88.2371, 21.6438], [88.2298, 21.6732], [88.2059, 21.6754], [88.1996, 21.6838], [88.2204, 21.7019], [88.2112, 21.7247], [88.2151, 21.779], [88.2007, 21.8109], [88.20026897837434, 21.82292071422653], [88.1924, 21.8292], [88.1969615843733, 21.83971957212619], [88.1634, 21.8837], [88.1711, 21.9286], [88.1498, 21.9569], [88.1981, 22.0079], [88.2232, 22.0707], [88.2104, 22.1489], [88.188, 22.188], [88.1168, 22.2094], [88.0702, 22.2112], [88.0877, 22.2424], [88.0846, 22.2563], [88.083, 22.2364], [88.0606, 22.2058], [88.0222, 22.2178], [88.0001, 22.243], [87.9865, 22.2383], [87.9684, 22.2647], [87.9559, 22.2697], [87.9476, 22.2548], [87.9711, 22.2378], [87.9734, 22.2228], [87.9839, 22.2141], [87.9752, 22.2334], [87.9817, 22.2319], [88.0067, 22.2026], [88.0236, 22.1997], [88.0348, 22.2089], [88.0737, 22.1871], [88.1034, 22.1922], [88.1367, 22.1842], [88.1901, 22.1163], [88.182, 22.0925], [88.1537, 22.0636], [88.0863, 22.0234], [88.0631, 22.0133], [88.0556, 22.0201], [88.0205, 21.9479], [88.0108, 21.9428], [88.0166, 21.9402], [88.012, 21.9209], [87.9668, 21.8531], [87.9133, 21.8031], [87.8833, 21.7933], [87.8835, 21.782], [87.8555, 21.7525], [87.8608, 21.7533], [87.8051, 21.7034], [87.7855, 21.6942], [87.747, 21.6998], [87.7477, 21.6889], [87.7313, 21.6821], [87.7395, 21.681], [87.7315, 21.6744], [87.674, 21.6525], [87.6448, 21.6497], [87.6439, 21.6631], [87.632, 21.6478], [87.5536, 21.638], [87.5517, 21.6315], [87.4848, 21.6113], [87.486, 21.6323], [87.4848, 21.6125], [87.4076, 21.5887], [87.3619, 21.5578], [87.25, 21.5568], [87.1995, 21.5466], [87.1309, 21.5127], [87.1185, 21.5171], [87.0743, 21.4714], [87.0563, 21.469], [86.9467, 21.3755], [86.9099, 21.3283], [86.8925, 21.3184], [86.8315, 21.215], [86.8323, 21.2062], [86.8563, 21.2056], [86.8415, 21.1751], [86.8418, 21.1248], [86.8508, 21.0874], [86.9809, 20.857], [86.9674, 20.7914], [86.942, 20.773], [86.9441, 20.7666], [86.9925, 20.7702], [87.0056, 20.7346], [86.9965, 20.7122], [87.0055, 20.7028], [87.0, 20.6978], [87.0582, 20.7168], [86.7875, 20.5325], [86.7594, 20.5004], [86.7456, 20.468], [86.7407, 20.4712], [86.7334, 20.4616], [86.7336, 20.4148], [86.7244, 20.3938], [86.7395, 20.4006], [86.7433, 20.3804], [86.7512, 20.3877], [86.7464, 20.3786], [86.7766, 20.4051], [86.7809, 20.3786], [86.79597180987203, 20.37602676416819], [86.7959, 20.3952], [86.799, 20.3864], [86.8029, 20.3902], [86.7968, 20.4004], [86.8055, 20.3958], [86.8063, 20.3711], [86.796, 20.3685], [86.79598075913835, 20.373637310062854], [86.7922648067571, 20.367545584847704], [86.7943, 20.3692], [86.7981, 20.364], [86.7751, 20.3313], [86.6798, 20.2642], [86.6693, 20.2757], [86.6721, 20.2625], [86.6802, 20.2599], [86.5956, 20.2245], [86.5204, 20.1701], [86.4921, 20.118], [86.434, 20.0521], [86.4142, 19.9975], [86.378, 19.9668], [86.3854, 19.9602], [86.4117, 19.9757], [86.3876, 19.9543], [86.3096, 19.9413], [86.2237, 19.8988], [86.1437, 19.8735], [85.7811, 19.7806], [85.678, 19.7439], [85.381, 19.6034], [85.1653, 19.4616], [85.1056, 19.4138], [85.0799, 19.3748], [84.9848, 19.3186], [84.9302, 19.2762], [84.8178, 19.1656], [84.7663, 19.0781], [84.7028, 19.1179], [84.7615, 19.0791], [84.6869, 18.9709], [84.6764, 18.9676], [84.6845, 18.9675], [84.5865, 18.8667], [84.5578, 18.8178], [84.5511, 18.79], [84.4931, 18.7401], [84.4535, 18.6934], [84.4401, 18.6597], [84.3686, 18.5934], [84.3554, 18.5557], [84.2148, 18.4412], [84.1467, 18.3726], [84.1269, 18.3439], [84.1269, 18.3134], [84.0788, 18.2878], [84.0706, 18.2764], [83.9359, 18.209], [83.8898, 18.1963], [83.8607, 18.1744], [83.8099, 18.156], [83.795, 18.1684], [83.8053, 18.154], [83.6938, 18.0981], [83.6039, 18.0367], [83.5694, 18.0118], [83.5583, 17.9824], [83.5318, 17.9511], [83.5201, 17.9515], [83.525, 17.9473], [83.513, 17.9373], [83.4587, 17.9011], [83.4439, 17.873], [83.4071, 17.841], [83.4163, 17.8332], [83.4109, 17.8094], [83.3908, 17.7926], [83.3853, 17.7769], [83.3546, 17.756], [83.3438, 17.737], [83.3464, 17.7261], [83.2969, 17.6933], [83.2949, 17.6745], [83.2385, 17.63], [83.2165, 17.5955], [83.1487, 17.5572], [83.0325, 17.5144], [82.9748, 17.4661], [82.7264, 17.3549], [82.5619, 17.2616], [82.4452, 17.1766], [82.3193, 17.0578], [82.2883, 17.016], [82.2686, 16.9565], [82.271, 16.9482], [82.2771, 16.9517], [82.2649, 16.9389], [82.2779, 16.9507], [82.243, 16.9178], [82.2414, 16.908], [82.2483, 16.8765], [82.2598, 16.8845], [82.266, 16.8698], [82.2819, 16.872], [82.2823, 16.8648], [82.3016, 16.8626], [82.3142, 16.8459], [82.3272, 16.8552], [82.3616, 16.8544], [82.3577, 16.95], [82.3258, 16.9876], [82.3384, 16.9867], [82.3566, 16.9658], [82.3653, 16.876], [82.3402, 16.7205], [82.3333, 16.7167], [82.345, 16.7048], [82.3277, 16.6849], [82.35398273364535, 16.705586410131517], [82.3549, 16.7043], [82.3597, 16.7108], [82.3653, 16.7065], [82.3455, 16.6965], [82.3173, 16.6623], [82.3291, 16.6145], [82.3189, 16.5768], [82.3137, 16.5747], [82.3178, 16.5818], [82.3092, 16.5926], [82.318, 16.5872], [82.3256, 16.6141], [82.3128, 16.668], [82.312, 16.6269], [82.3069, 16.6227], [82.3075, 16.6399], [82.3042, 16.6288], [82.3045, 16.6367], [82.296, 16.626], [82.2998, 16.6363], [82.2956, 16.626], [82.2843, 16.626], [82.2904, 16.6098], [82.2849, 16.6], [82.2942, 16.6029], [82.2988, 16.5864], [82.2873, 16.571], [82.2631, 16.5632], [82.2769, 16.5594], [82.2972, 16.5676], [82.294, 16.5582], [82.281, 16.5586], [82.2906, 16.5552], [82.2996, 16.5581], [82.2993, 16.5722], [82.301, 16.5623], [82.3104, 16.5678], [82.3137, 16.5587], [82.2323, 16.5449], [81.9704, 16.4076], [81.9577, 16.3924], [81.9394, 16.3954], [81.8782, 16.3826], [81.7208, 16.3069], [81.7192, 16.3156], [81.6906, 16.3275], [81.4872, 16.3551], [81.3938, 16.3425], [81.303, 16.3021], [81.2462, 16.2589], [81.2138, 16.2072], [81.1914, 16.1028], [81.1455, 16.0129], [81.1478, 15.9732], [81.1349, 15.9722], [81.1323, 15.9618], [81.0554, 15.8972], [81.0048, 15.8378], [81.0206, 15.793], [81.0113, 15.8015], [81.0145, 15.7713], [80.9985, 15.7697], [80.9993, 15.7589], [81.0095, 15.7618], [81.0085, 15.7529], [80.9372, 15.7144], [80.932, 15.7237], [80.85, 15.7059], [80.8215, 15.7093], [80.80508897727269, 15.734307272727337], [80.8223, 15.7104], [80.8132, 15.7291], [80.8175, 15.7494], [80.7796, 15.8353], [80.7803, 15.8416], [80.8006, 15.8059], [80.8027, 15.8162], [80.8156, 15.8107], [80.8065, 15.8411], [80.7739, 15.8663], [80.6798, 15.8854], [80.5365, 15.8523], [80.4286, 15.8047], [80.3456, 15.7512], [80.2822, 15.6853], [80.2491, 15.628], [80.2431, 15.6301], [80.2479, 15.6258], [80.2397, 15.6216], [80.245, 15.6201], [80.2371, 15.6005], [80.2206, 15.6009], [80.2347, 15.5991], [80.2241, 15.595], [80.2223, 15.5827], [80.2255, 15.5931], [80.2351, 15.5906], [80.2247, 15.5683], [80.2279, 15.5468], [80.2197, 15.5383], [80.2255, 15.5402], [80.2249, 15.5337], [80.214, 15.5262], [80.2152, 15.5156], [80.2021, 15.5154], [80.2096, 15.5115], [80.1942, 15.505], [80.2031, 15.5061], [80.1988, 15.4931], [80.2108, 15.4928], [80.2053, 15.4746], [80.1214, 15.3671], [80.0847, 15.2833], [80.0882, 15.2388], [80.0818, 15.2492], [80.0807, 15.2407], [80.0834, 15.2224], [80.0889, 15.2357], [80.0888, 15.2108], [80.0836, 15.1911], [80.0708, 15.1825], [80.0797, 15.1811], [80.047, 15.0827], [80.0528, 15.0117], [80.0844, 14.8832], [80.0977, 14.7795], [80.1115, 14.7411], [80.1421, 14.7035], [80.1712, 14.6117], [80.1955, 14.5858], [80.1778, 14.4963], [80.1686, 14.3549], [80.1301, 14.2312], [80.1264, 14.1643], [80.1498, 14.0318], [80.2209, 13.875], [80.2537, 13.7824], [80.2375, 13.7239], [80.2336, 13.6584], [80.2426, 13.6164], [80.2685, 13.5645], [80.2418, 13.4706], [80.2687, 13.5646], [80.3007, 13.4782], [80.326, 13.4417], [80.3464, 13.3143], [80.3453, 13.2799], [80.2984, 13.1375], [80.3043, 13.1306], [80.2978, 13.1327], [80.2967, 13.1241], [80.3056, 13.1302], [80.305, 13.1101], [80.2949, 13.0929], [80.3007, 13.0911], [80.3108, 13.108], [80.2857, 13.0607], [80.2592, 12.9335], [80.2484, 12.8305], [80.2552, 12.7827], [80.1663, 12.5297], [80.1574, 12.469], [80.0342, 12.3018], [79.8736, 12.042], [79.8568, 12.0061], [79.8406, 11.9558], [79.8078, 11.8366], [79.80744958132205, 11.837522933701107], [79.8071, 11.8339], [79.80644796657383, 11.833885292479108], [79.8071, 11.8335], [79.7959, 11.7857], [79.7609, 11.6258], [79.757, 11.5561], [79.77152968036529, 11.512933333333345], [79.7786, 11.5064], [79.7773, 11.4881], [79.8071, 11.444], [79.8322, 11.3565], [79.8426, 11.351], [79.8344, 11.3174], [79.8566, 11.1714], [79.8538, 10.9832], [79.8507, 10.8278], [79.8311, 10.8274], [79.8525, 10.8272], [79.8533, 10.6794], [79.841, 10.6763], [79.8533, 10.6765], [79.8585, 10.4723], [79.8804, 10.3047], [79.8603, 10.2824], [79.8168, 10.2758], [79.8131, 10.2887], [79.8139, 10.2756], [79.7801, 10.2725], [79.7875, 10.2813], [79.7834, 10.2961], [79.7796, 10.2921], [79.7671, 10.3017], [79.7629, 10.313], [79.7487, 10.3144], [79.7487, 10.3007], [79.7775, 10.2846], [79.7783, 10.2729], [79.7677, 10.2718], [79.5307, 10.3092], [79.5492, 10.3178], [79.5441, 10.3249], [79.5129, 10.3131], [79.3959, 10.3186], [79.3792, 10.3135], [79.3603, 10.2912], [79.3293, 10.2844], [79.2985, 10.2633], [79.2683, 10.2328], [79.2774, 10.2133], [79.2415, 10.1849], [79.2388, 10.1599], [79.2257, 10.1458], [79.2334, 10.1271], [79.2294, 10.1075], [79.2191, 10.1126], [79.2289, 10.1054], [79.2271, 10.0736], [79.2317, 10.082], [79.2341, 10.0706], [79.2481, 10.0709], [79.2393, 10.0578], [79.2551, 10.0454], [79.2505, 10.0421], [79.2661, 10.0392], [79.2149, 10.0001], [79.1505, 9.9196], [79.1389, 9.9209], [79.147, 9.9114], [79.1399, 9.9047], [79.1367, 9.9096], [79.1315, 9.8971], [79.1255, 9.9037], [79.124, 9.8836], [79.1113, 9.8928], [79.1216, 9.8805], [79.113, 9.8602], [79.1222, 9.8603], [79.12, 9.8537], [79.1113, 9.8588], [79.1169, 9.8504], [79.1058, 9.8538], [79.1059, 9.8389], [79.0988, 9.8433], [79.1048, 9.8379], [79.095, 9.8382], [79.0942, 9.83], [79.085, 9.8347], [79.0939, 9.8294], [79.0785, 9.8], [79.0758, 9.8122], [79.077, 9.7997], [79.0591, 9.773], [79.0323, 9.7553], [79.0299, 9.7615], [79.0159, 9.7323], [79.0132, 9.7448], [79.015, 9.7315], [79.0045, 9.7186], [79.0032, 9.7253], [78.9804, 9.6896], [78.9598, 9.6309], [78.9336, 9.6062], [78.9201, 9.5592], [78.9152, 9.499], [78.8983, 9.4899], [78.903, 9.4625], [78.9377, 9.4068], [79.0086, 9.3361], [79.0708, 9.2951], [79.2112, 9.2833], [79.2219, 9.2915], [79.2659, 9.2927], [79.2816, 9.3128], [79.3099, 9.3276], [79.3298, 9.3198], [79.335, 9.3093], [79.3147, 9.2812], [79.3237, 9.264], [79.4164, 9.1871], [79.4357, 9.158], [79.4182, 9.176], [79.3109, 9.2415], [79.2574, 9.2592], [79.22033157894737, 9.257636842105262], [79.2186, 9.2707], [79.2049, 9.2737], [79.2092, 9.2824], [79.1462, 9.2771], [79.081, 9.2612], [78.9789, 9.2749], [78.9289, 9.2684], [78.8957, 9.2515], [78.8611, 9.2554], [78.7326, 9.2119], [78.7165, 9.2], [78.7173, 9.1895], [78.6638, 9.1936], [78.649, 9.1874], [78.6422, 9.1747], [78.6571, 9.1577], [78.6054, 9.148], [78.5776, 9.1308], [78.5309, 9.1381], [78.4092, 9.1116], [78.215, 8.966], [78.1866, 8.9236], [78.18, 8.8927], [78.1669, 8.8729], [78.1666, 8.8117], [78.1581, 8.797], [78.1617, 8.778], [78.1871, 8.7641], [78.1951, 8.767], [78.1925, 8.7868], [78.1987, 8.7879], [78.1983, 8.7611], [78.1916, 8.7479], [78.163, 8.7413], [78.1256, 8.6651], [78.1314, 8.6632], [78.1273, 8.615], [78.138, 8.586], [78.1219, 8.5157], [78.1306, 8.4969], [78.0634, 8.4171], [78.0569, 8.3794], [78.0673, 8.3731], [77.9717, 8.3333], [77.8803, 8.269], [77.8029, 8.2402], [77.7836, 8.2214], [77.7813, 8.201], [77.7447, 8.1769], [77.6386, 8.157], [77.5771, 8.1367], [77.5588, 8.1193], [77.5643, 8.0923], [77.5513, 8.078], [77.4447, 8.0946], [77.3372, 8.1254], [77.3159, 8.1219], [77.298, 8.1476], [77.2404, 8.1765], [77.2235, 8.1966], [77.1859, 8.2185], [77.1494, 8.2556], [77.0961, 8.2932], [77.1018, 8.3065], [77.096, 8.293], [77.0113, 8.3547], [76.9975, 8.3742]]], [[[72.6164, 10.5433], [72.6399, 10.5804], [72.6484, 10.5767], [72.6489, 10.5646], [72.6164, 10.5433]]], [[[73.6606, 10.818], [73.7009, 10.8154], [73.6739, 10.805], [73.6594, 10.8107], [73.6606, 10.818]]], [[[72.1939, 10.8724], [72.2052, 10.8768], [72.1694, 10.8193], [72.1939, 10.8724]]], [[[72.2845, 10.9375], [72.2869, 10.9482], [72.2918, 10.9378], [72.2845, 10.9375]]], [[[72.7193, 11.1149], [72.7158, 11.1206], [72.7333, 11.1372], [72.7266, 11.1215], [72.7193, 11.1149]]], [[[73.0074, 11.4738], [72.9991, 11.4996], [73.0092, 11.4887], [73.0074, 11.4738]]], [[[72.7153, 11.6928], [72.705, 11.6835], [72.7157, 11.705], [72.7153, 11.6928]]], [[[74.1165, 14.7556], [74.1097, 14.7539], [74.1093, 14.7615], [74.1165, 14.7556]]], [[[71.5071, 20.9028], [71.5185, 20.9115], [71.5324, 20.9029], [71.5071, 20.9028]]], [[[72.6118, 21.5306], [72.5751, 21.5326], [72.5804, 21.5858], [72.601, 21.5769], [72.5988, 21.5487], [72.6174, 21.547], [72.6078, 21.5587], [72.607, 21.5876], [72.6272, 21.6292], [72.6709, 21.6451], [72.7397, 21.6447], [72.7647, 21.6571], [72.8159, 21.6528], [72.8256, 21.6344], [72.7939, 21.6089], [72.7645, 21.607], [72.7221, 21.5845], [72.7188, 21.5917], [72.6951, 21.5885], [72.6705, 21.5731], [72.6422, 21.5322], [72.6283, 21.5394], [72.6118, 21.5306]]], [[[69.3363, 22.3868], [69.3327, 22.3728], [69.3234, 22.3813], [69.3363, 22.3868]]], [[[69.6365, 22.4057], [69.5903, 22.4307], [69.5955, 22.4444], [69.6252, 22.4587], [69.6568, 22.4254], [69.6365, 22.4057]]], [[[69.1421, 22.4631], [69.1117, 22.4642], [69.1083, 22.437], [69.0844, 22.4222], [69.0965, 22.4412], [69.094, 22.4609], [69.1332, 22.4765], [69.1496, 22.4697], [69.1447, 22.4504], [69.1421, 22.4631]]], [[[70.0402, 22.5528], [70.0594, 22.5374], [70.0489, 22.5394], [70.0543, 22.5319], [70.0461, 22.5236], [70.0349, 22.5356], [70.0402, 22.5528]]], [[[68.5287, 23.674], [68.5339, 23.6621], [68.522, 23.6535], [68.5253, 23.6897], [68.534, 23.6884], [68.5298, 23.6757], [68.5388, 23.6856], [68.5475, 23.6753], [68.5287, 23.674]]], [[[78.5809, 9.1017], [78.571, 9.1011], [78.5794, 9.1129], [78.5857, 9.1111], [78.5809, 9.1017]]], [[[79.0568, 9.198], [79.0696, 9.2107], [79.091, 9.1976], [79.0875, 9.192], [79.0568, 9.198]]], [[[79.2038, 9.2397], [79.1998, 9.2304], [79.1793, 9.2382], [79.1811, 9.2499], [79.2177, 9.2502], [79.2019, 9.2416], [79.2236, 9.2472], [79.2038, 9.2397]]], [[[80.79048110303549, 15.764095895681923], [80.79105688273853, 15.755689512017465], [80.7879, 15.7605], [80.79048110303549, 15.764095895681923]]], [[[86.7937, 20.4932], [86.8082, 20.4531], [86.7919, 20.4071], [86.7941, 20.3888], [86.7874, 20.3863], [86.7902, 20.4326], [86.8, 20.4431], [86.7937, 20.4932]]], [[[87.0696, 20.7335], [87.0779, 20.7439], [87.0735, 20.7275], [87.0696, 20.7335]]], [[[87.085, 20.7646], [87.0929, 20.7568], [87.0725, 20.7548], [87.085, 20.7646]]], [[[92.4545, 10.8669], [92.4796, 10.8733], [92.4965, 10.8971], [92.50982998797274, 10.874763263397035], [92.5179, 10.8774], [92.503, 10.8977], [92.5175, 10.9011], [92.5306, 10.8921], [92.5295, 10.8671], [92.542, 10.8589], [92.5411, 10.8673], [92.5299, 10.8689], [92.5338, 10.89], [92.562, 10.8636], [92.566, 10.8295], [92.5591, 10.8155], [92.5674, 10.8103], [92.5483, 10.8095], [92.5521, 10.8032], [92.5588, 10.8092], [92.5603, 10.796], [92.5792, 10.7854], [92.5615, 10.8028], [92.5708, 10.8106], [92.5867, 10.7899], [92.5833, 10.7444], [92.5994, 10.7058], [92.5974, 10.6778], [92.58, 10.6805], [92.5824, 10.658], [92.5537, 10.64], [92.5388, 10.6175], [92.5423, 10.5948], [92.5649, 10.5883], [92.5699, 10.5788], [92.5465, 10.5531], [92.5335, 10.5192], [92.5133, 10.5108], [92.4815, 10.5175], [92.4351, 10.5489], [92.4202, 10.5485], [92.4026, 10.5307], [92.3876, 10.5315], [92.3821, 10.544], [92.4098, 10.5844], [92.4192, 10.615], [92.402, 10.6582], [92.3814, 10.6703], [92.3806, 10.7632], [92.3733, 10.7834], [92.3837, 10.7955], [92.3865, 10.7854], [92.395, 10.7856], [92.39549204368174, 10.7802004680187], [92.3956, 10.7863], [92.4043, 10.7844], [92.4169, 10.7957], [92.4251, 10.8265], [92.4327, 10.8238], [92.4462, 10.8411], [92.4573, 10.8417], [92.4545, 10.8669]]], [[[92.6085, 10.9396], [92.6209, 10.9268], [92.602, 10.9363], [92.6085, 10.9396]]], [[[92.2257, 10.9848], [92.215, 10.9723], [92.2082, 10.9798], [92.2257, 10.9848]]], [[[92.5506, 11.3981], [92.5463, 11.39], [92.5399, 11.3934], [92.5506, 11.3981]]], [[[92.5621, 11.3983], [92.5556, 11.3902], [92.5539, 11.3963], [92.5621, 11.3983]]], [[[92.5673, 11.5179], [92.5604, 11.5164], [92.5505, 11.538], [92.5585, 11.5415], [92.5673, 11.5179]]], [[[92.5966, 11.5289], [92.5987, 11.5378], [92.6072, 11.5219], [92.5966, 11.5289]]], [[[92.6173, 11.56], [92.6096, 11.5314], [92.6013, 11.5542], [92.6173, 11.56]]], [[[92.595, 11.5334], [92.5878, 11.5326], [92.5828, 11.549], [92.5915, 11.578], [92.595, 11.5334]]], [[[92.2028, 11.5874], [92.212, 11.5956], [92.2551, 11.5923], [92.2689, 11.586], [92.273, 11.5353], [92.2601, 11.5172], [92.2107, 11.5304], [92.204, 11.5507], [92.2114, 11.5726], [92.2028, 11.5874]]], [[[92.5343, 11.5663], [92.5256, 11.5833], [92.5319, 11.5804], [92.528, 11.5963], [92.5358, 11.6083], [92.5493, 11.5999], [92.5439, 11.5914], [92.5703, 11.5925], [92.5617, 11.5831], [92.5657, 11.5737], [92.5541, 11.558], [92.5401, 11.5623], [92.5268, 11.5537], [92.5343, 11.5663]]], [[[92.6036, 11.9748], [92.608, 11.9409], [92.5975, 11.925], [92.5902, 11.9482], [92.5972, 11.9531], [92.5856, 11.9613], [92.5935, 11.9639], [92.5863, 11.9753], [92.6036, 11.9748]]], [[[88.0166, 21.563], [88.0163, 21.5477], [88.0096, 21.5561], [88.0166, 21.563]]], [[[88.5209, 21.5278], [88.4971, 21.5399], [88.4993, 21.5479], [88.4859, 21.5498], [88.4869, 21.5798], [88.498, 21.601], [88.5375, 21.5771], [88.5307, 21.5635], [88.5452, 21.5336], [88.5209, 21.5278]]], [[[88.8298, 21.6032], [88.8326, 21.6091], [88.8919, 21.5812], [88.906, 21.5476], [88.8756, 21.5344], [88.8319, 21.551], [88.826, 21.5728], [88.8298, 21.6032]]], [[[88.1756, 21.55], [88.1638, 21.587], [88.1666, 21.6028], [88.1678, 21.5867], [88.1807, 21.5837], [88.1937, 21.549], [88.2044, 21.547], [88.1967, 21.5409], [88.1756, 21.55]]], [[[87.4303, 21.5866], [87.4137, 21.5602], [87.4185, 21.5779], [87.4303, 21.5866]]], [[[89.1511, 21.6], [89.1445, 21.5927], [89.1352, 21.5964], [89.1511, 21.6]]], [[[88.8, 21.5912], [88.7948, 21.5821], [88.742, 21.5622], [88.7154, 21.5725], [88.7072, 21.5901], [88.7175, 21.644], [88.6844, 21.6843], [88.6925, 21.7202], [88.7078, 21.6814], [88.7524, 21.648], [88.769, 21.656], [88.776, 21.6196], [88.8, 21.5912]]], [[[88.3437, 21.6619], [88.3505, 21.6468], [88.3396, 21.6194], [88.3178, 21.6052], [88.3064, 21.6149], [88.3161, 21.6627], [88.3066, 21.7056], [88.3337, 21.6998], [88.3514, 21.6773], [88.3437, 21.6619]]], [[[88.6309, 21.6733], [88.6412, 21.6796], [88.6316, 21.6494], [88.6309, 21.6733]]], [[[88.2251, 21.666], [88.2274, 21.6526], [88.2086, 21.6079], [88.1829, 21.6771], [88.1824, 21.6867], [88.2022, 21.7061], [88.1808, 21.689], [88.186, 21.7081], [88.2035, 21.7258], [88.2047, 21.7], [88.1955, 21.6794], [88.2251, 21.666]]], [[[88.5734, 21.7452], [88.5736, 21.7227], [88.6086, 21.6815], [88.591, 21.6583], [88.6061, 21.6146], [88.5967, 21.6126], [88.5668, 21.6351], [88.5423, 21.6409], [88.5262, 21.6629], [88.5281, 21.6924], [88.5063, 21.7584], [88.5162, 21.7874], [88.5423, 21.8114], [88.5733, 21.7885], [88.5601, 21.7679], [88.5734, 21.7452]]], [[[88.3573, 21.6865], [88.3384, 21.7116], [88.3485, 21.7225], [88.3447, 21.7572], [88.3776, 21.7664], [88.39, 21.7582], [88.3857, 21.7402], [88.3633, 21.7264], [88.3945, 21.7132], [88.3573, 21.6865]]], [[[88.6203, 21.728], [88.6217, 21.74], [88.5874, 21.7572], [88.5888, 21.7766], [88.5947, 21.7837], [88.6206, 21.7824], [88.6299, 21.7361], [88.6109, 21.7048], [88.5971, 21.7157], [88.6203, 21.728]]], [[[88.5873, 21.7533], [88.6197, 21.737], [88.5935, 21.7204], [88.5788, 21.7275], [88.5846, 21.7484], [88.5688, 21.7697], [88.5822, 21.7764], [88.5873, 21.7533]]], [[[88.0573, 21.6394], [88.0414, 21.6495], [88.0414, 21.6757], [88.051, 21.6876], [88.0552, 21.7209], [88.0765, 21.7518], [88.0768, 21.7774], [88.1012, 21.8313], [88.1358, 21.8753], [88.171, 21.8093], [88.1656, 21.7948], [88.1713, 21.7401], [88.1532, 21.682], [88.1342, 21.6785], [88.1433, 21.67], [88.1451, 21.639], [88.1349, 21.628], [88.1187, 21.6254], [88.0913, 21.6304], [88.0914, 21.6387], [88.0788, 21.6336], [88.0573, 21.6394]]], [[[89.0241, 21.6582], [89.02, 21.6404], [89.0352, 21.6258], [89.0355, 21.6154], [89.0238, 21.6029], [88.998, 21.6032], [88.9973, 21.622], [88.9895, 21.616], [88.9683, 21.6198], [88.9387, 21.6461], [88.9513, 21.6939], [88.9213, 21.7215], [88.9317, 21.7444], [88.9208, 21.7624], [88.9147, 21.7162], [88.9352, 21.7028], [88.9401, 21.689], [88.923, 21.6323], [88.8841, 21.6612], [88.8696, 21.7042], [88.8803, 21.7459], [88.8772, 21.7666], [88.8583, 21.781], [88.8351, 21.7828], [88.8415, 21.8156], [88.8368, 21.843], [88.8537, 21.8662], [88.8532, 21.8889], [88.8254, 21.9139], [88.819, 21.9293], [88.8597, 21.9127], [88.9026, 21.921], [88.9118, 21.9309], [89.029, 21.8675], [89.0284, 21.8314], [89.0124, 21.7942], [89.0195, 21.7662], [89.0559, 21.7325], [89.0717, 21.7019], [89.0676, 21.6911], [89.0936, 21.6637], [89.0942, 21.6413], [89.0712, 21.6191], [89.0505, 21.6156], [89.0268, 21.6385], [89.0241, 21.6582]]], [[[88.1791, 21.7993], [88.1852, 21.7915], [88.1815, 21.7838], [88.1791, 21.7993]]], [[[88.5, 21.8118], [88.4855, 21.7989], [88.4639, 21.8002], [88.4532, 21.8108], [88.4751, 21.834], [88.4878, 21.8343], [88.5, 21.8118]]], [[[88.1662, 21.8697], [88.1952, 21.8395], [88.1904, 21.8303], [88.1662, 21.8697]]], [[[88.5768, 21.8179], [88.5802, 21.8347], [88.617, 21.896], [88.6366, 21.9218], [88.6686, 21.9146], [88.6528, 21.8725], [88.6446, 21.7879], [88.5863, 21.8015], [88.5768, 21.8179]]], [[[88.1275, 21.8995], [88.1153, 21.9204], [88.1241, 21.9307], [88.145, 21.9169], [88.1275, 21.8995]]], [[[92.7632, 9.2161], [92.7742, 9.2588], [92.8153, 9.2158], [92.8306, 9.1682], [92.8263, 9.1374], [92.7848, 9.1187], [92.767, 9.1288], [92.7264, 9.1256], [92.7144, 9.1544], [92.7217, 9.2206], [92.7632, 9.2161]]], [[[92.6601, 10.9805], [92.6575, 10.9896], [92.6657, 10.993], [92.6683, 10.9859], [92.6601, 10.9805]]], [[[92.7282, 11.1494], [92.7328, 11.1446], [92.7215, 11.1415], [92.7282, 11.1494]]], [[[92.6922, 11.2813], [92.7044, 11.2902], [92.7033, 11.2615], [92.6862, 11.2418], [92.6944, 11.2598], [92.6922, 11.2813]]], [[[92.696, 11.3094], [92.7109, 11.3132], [92.721, 11.3335], [92.7227, 11.3179], [92.7077, 11.2995], [92.696, 11.3094]]], [[[92.6337, 11.4037], [92.643, 11.4077], [92.6438, 11.3942], [92.6528, 11.4074], [92.6625, 11.4047], [92.6627, 11.3954], [92.6748, 11.3998], [92.6923, 11.3873], [92.6898, 11.3714], [92.6642, 11.353], [92.6492, 11.3567], [92.6382, 11.3461], [92.5977, 11.345], [92.5796, 11.3674], [92.5912, 11.3792], [92.5859, 11.3997], [92.6218, 11.4045], [92.6229, 11.4403], [92.6095, 11.4579], [92.6106, 11.4719], [92.6211, 11.5014], [92.6352, 11.517], [92.6446, 11.5123], [92.6499, 11.4968], [92.6743, 11.4904], [92.6713, 11.4784], [92.6845, 11.4333], [92.661, 11.4119], [92.6419, 11.4105], [92.6361, 11.4168], [92.6337, 11.4037]]], [[[92.69185375841128, 11.621685827999343], [92.6884, 11.6285], [92.6925, 11.6239], [92.69185375841128, 11.621685827999343]]], [[[92.5146, 11.8156], [92.5105, 11.8106], [92.5057, 11.8245], [92.507, 11.8352], [92.5201, 11.8397], [92.5075, 11.8415], [92.5082, 11.8563], [92.5204, 11.8562], [92.5116, 11.8644], [92.514, 11.8724], [92.5276, 11.8725], [92.5191, 11.883], [92.5202, 11.8986], [92.5385, 11.9035], [92.5327, 11.9131], [92.5409, 11.9176], [92.5403, 11.931], [92.5495, 11.9279], [92.5614, 11.9468], [92.5678, 11.941], [92.5653, 11.9511], [92.5718, 11.9289], [92.5805, 11.9314], [92.5744, 11.9178], [92.5853, 11.9121], [92.5829, 11.877], [92.5863, 11.8864], [92.5914, 11.8864], [92.5869, 11.8765], [92.5916, 11.8837], [92.5928, 11.902], [92.599, 11.8996], [92.5991, 11.8661], [92.6103, 11.8473], [92.6075, 11.8672], [92.5996, 11.8673], [92.6055, 11.8795], [92.6003, 11.8789], [92.6032, 11.8887], [92.6045, 11.8817], [92.6092, 11.8864], [92.6064, 11.9138], [92.6198, 11.9218], [92.6204, 11.9311], [92.608, 11.9206], [92.6152, 11.9376], [92.5987, 11.9045], [92.5926, 11.9185], [92.6076, 11.9298], [92.6118, 11.9999], [92.6241, 12.0281], [92.6204, 12.0398], [92.6282, 12.043], [92.6187, 12.0683], [92.622, 12.1014], [92.6345, 12.1203], [92.6351, 12.1464], [92.6641, 12.2218], [92.6548, 12.1802], [92.674, 12.2178], [92.6753, 12.1868], [92.6813, 12.192], [92.6782, 12.212], [92.6828, 12.2058], [92.6878, 12.2352], [92.698, 12.2388], [92.7094, 12.2109], [92.7037, 12.1926], [92.7119, 12.1897], [92.701, 12.1869], [92.709, 12.1887], [92.7018, 12.1646], [92.7122, 12.1755], [92.71077757267234, 12.162366254341306], [92.7194, 12.1797], [92.7513, 12.1803], [92.7566, 12.1632], [92.7341, 12.0973], [92.7254, 12.0959], [92.7341, 12.0961], [92.7361, 12.0788], [92.7228, 12.0644], [92.7369, 12.0781], [92.73762069879206, 12.066513380958567], [92.7552, 12.0668], [92.754, 12.0581], [92.74881534327322, 12.057458599167822], [92.7665, 12.0459], [92.7823, 12.0484], [92.7777, 12.0242], [92.76, 12.0195], [92.7518, 12.034], [92.7456, 12.0256], [92.7482, 12.0355], [92.7394, 12.0422], [92.7392, 12.033], [92.7293, 12.0369], [92.72703741068877, 12.051111889111207], [92.7281, 12.0355], [92.74, 12.0286], [92.7251, 12.0233], [92.7392, 12.0189], [92.7326, 12.0144], [92.7383, 12.0107], [92.7493, 12.0191], [92.7515, 12.0032], [92.7662, 12.0121], [92.7705, 11.9986], [92.7642, 11.9866], [92.7585299079544, 11.990161615606537], [92.7608, 11.9832], [92.7321, 11.9788], [92.7377, 11.9968], [92.7416, 11.9883], [92.75578020345665, 11.991888816924213], [92.7443, 11.9991], [92.7219, 11.9931], [92.7229, 11.988], [92.7301, 11.9939], [92.7219, 11.9811], [92.7312, 11.9693], [92.7214, 11.9628], [92.7152, 11.9671], [92.7172, 11.9388], [92.7105, 11.9331], [92.7141, 11.9219], [92.716, 11.9346], [92.7227, 11.9322], [92.7241, 11.9092], [92.7166, 11.9023], [92.7251, 11.8973], [92.7182, 11.8921], [92.7039, 11.9008], [92.7198, 11.891], [92.7137, 11.8891], [92.7242, 11.8912], [92.7221, 11.8787], [92.7064, 11.8644], [92.7235, 11.8766], [92.7242, 11.8566], [92.7112, 11.8225], [92.69592483426469, 11.817667179202388], [92.6952, 11.8129], [92.69186144578313, 11.813641900937082], [92.68464039800449, 11.802760183103995], [92.6975, 11.8125], [92.7058, 11.7927], [92.6996, 11.8096], [92.7122, 11.8124], [92.7297, 11.8548], [92.7304, 11.8792], [92.7368, 11.883], [92.73, 11.8805], [92.73, 11.8974], [92.7371, 11.8976], [92.7301, 11.8987], [92.7372, 11.9182], [92.7446, 11.9194], [92.7433, 11.9312], [92.7631, 11.9408], [92.783, 11.9369], [92.7876, 11.9019], [92.7791, 11.8916], [92.79, 11.8855], [92.7545, 11.7006], [92.7434, 11.7115], [92.7447, 11.6904], [92.7205, 11.6975], [92.7165, 11.7054], [92.7109, 11.6932], [92.7005, 11.7105], [92.7032, 11.7021], [92.69367503187277, 11.709686257800445], [92.69, 11.6977], [92.6822, 11.7141], [92.6863, 11.6922], [92.7057, 11.7001], [92.6998, 11.6752], [92.7077, 11.6705], [92.6916, 11.6681], [92.6826, 11.6507], [92.6601, 11.6522], [92.6737, 11.624], [92.6811, 11.6381], [92.6912, 11.6225], [92.6729, 11.6074], [92.69160894985808, 11.620847057710503], [92.6864, 11.603], [92.7016, 11.6177], [92.6916, 11.6339], [92.7018, 11.6391], [92.6941, 11.6529], [92.7101, 11.6433], [92.7092, 11.6524], [92.7282, 11.6582], [92.716, 11.6642], [92.714, 11.6781], [92.7232, 11.6837], [92.7319, 11.672], [92.7472, 11.6767], [92.756, 11.665], [92.7538, 11.6449], [92.7377, 11.6387], [92.7483, 11.64], [92.7543, 11.6142], [92.7297, 11.5582], [92.7266, 11.5168], [92.7104, 11.4777], [92.6969, 11.5058], [92.6838, 11.5113], [92.6675, 11.5018], [92.6452, 11.5225], [92.6463, 11.5724], [92.6324, 11.5808], [92.6165, 11.5634], [92.6188, 11.5826], [92.61130472056429, 11.588155941399888], [92.614, 11.563], [92.6074, 11.5706], [92.6, 11.5676], [92.6009, 11.5857], [92.61125868210151, 11.588190067812864], [92.6045, 11.5932], [92.6018, 11.6086], [92.6084, 11.6209], [92.6239, 11.6178], [92.627, 11.6264], [92.6349, 11.6155], [92.6447, 11.6353], [92.6343, 11.6328], [92.6371, 11.6458], [92.6304, 11.6519], [92.6304, 11.6283], [92.6081, 11.6324], [92.5977, 11.6491], [92.5902, 11.668], [92.599, 11.6902], [92.5896, 11.7075], [92.6038, 11.707], [92.5867, 11.7167], [92.5913, 11.7383], [92.5849, 11.7134], [92.5743, 11.7155], [92.571, 11.6968], [92.5581, 11.6923], [92.5498, 11.7375], [92.5506, 11.7637], [92.5587, 11.7727], [92.5502, 11.7747], [92.5496, 11.8022], [92.5396, 11.7851], [92.5294, 11.795], [92.53853363941953, 11.801646757399359], [92.5314, 11.8075], [92.5467, 11.8294], [92.545, 11.8433], [92.543, 11.8287], [92.5405, 11.839], [92.531, 11.8339], [92.5238, 11.8074], [92.5145, 11.807], [92.5146, 11.8156]]], [[[92.7245, 11.9417], [92.7322, 11.9599], [92.7308, 11.9447], [92.7245, 11.9417]]], [[[92.7349, 11.9518], [92.7484, 11.969], [92.7667, 11.9671], [92.7704, 11.9527], [92.7585, 11.9449], [92.7349, 11.9518]]], [[[92.7493, 12.274], [92.7634, 12.2631], [92.774, 12.2803], [92.7779, 12.2725], [92.7791, 12.2835], [92.77971222175556, 12.283265077698449], [92.7754, 12.3012], [92.7669, 12.2972], [92.771, 12.3132], [92.7948, 12.3036], [92.8102, 12.3132], [92.8327, 12.3008], [92.8321, 12.292], [92.8364, 12.3032], [92.8441, 12.2963], [92.847, 12.3037], [92.8538, 12.2812], [92.849, 12.3021], [92.8722, 12.3017], [92.8634, 12.2868], [92.8703, 12.2947], [92.8822, 12.2625], [92.8851, 12.2705], [92.8913, 12.2664], [92.8884, 12.2565], [92.8752, 12.2506], [92.862, 12.2636], [92.869, 12.2516], [92.8578, 12.2452], [92.8715, 12.2255], [92.8737, 12.2125], [92.87164669555796, 12.211674214517876], [92.8827, 12.197], [92.8746, 12.1923], [92.8532, 12.2043], [92.8461, 12.1977], [92.84362746716225, 12.198408347245412], [92.84, 12.1853], [92.8539, 12.1914], [92.8549, 12.1621], [92.8442, 12.1475], [92.8459, 12.1577], [92.8351, 12.1669], [92.8274, 12.1633], [92.8224, 12.1781], [92.82076696315121, 12.160424777636594], [92.8268, 12.1559], [92.8153, 12.1386], [92.8164, 12.1246], [92.8015, 12.1321], [92.8182, 12.114], [92.8146, 12.1053], [92.803, 12.1043], [92.7996, 12.1139], [92.7928, 12.1034], [92.7834, 12.1057], [92.8007, 12.094], [92.7634, 12.0632], [92.7597, 12.0781], [92.752, 12.0744], [92.7533662473602, 12.07621780369112], [92.7384, 12.0827], [92.7688, 12.2013], [92.7636, 12.2105], [92.7686, 12.2461], [92.7616, 12.2324], [92.7473, 12.2333], [92.7411, 12.2454], [92.7493, 12.274]]], [[[92.7285, 12.1977], [92.7225, 12.1883], [92.7209, 12.2332], [92.7293, 12.2426], [92.735, 12.2389], [92.73, 12.2132], [92.7392, 12.223], [92.7424, 12.2048], [92.7389, 12.2362], [92.7441, 12.2279], [92.7617, 12.2298], [92.7633, 12.1819], [92.7326, 12.1845], [92.7285, 12.1977]]], [[[92.8773, 12.249], [92.8845, 12.2386], [92.8844, 12.2492], [92.9002, 12.2656], [92.8972, 12.2562], [92.9052, 12.252], [92.9133, 12.2207], [92.9079, 12.2311], [92.9028, 12.2243], [92.891, 12.2313], [92.8775, 12.2093], [92.8697, 12.2448], [92.8773, 12.249]]], [[[92.7025, 12.2449], [92.7016, 12.2915], [92.7043, 12.3], [92.7224, 12.2959], [92.7097, 12.2297], [92.7025, 12.2449]]], [[[92.7346, 12.2481], [92.7391, 12.2747], [92.7343, 12.2701], [92.748, 12.2887], [92.7346, 12.2481]]], [[[92.9, 12.2716], [92.9011, 12.2899], [92.9135, 12.3041], [92.9178, 12.2824], [92.9218, 12.288], [92.9277, 12.2782], [92.9335, 12.3114], [92.943, 12.2748], [92.9264, 12.2523], [92.9293, 12.239], [92.9222, 12.2293], [92.9199, 12.2691], [92.9114, 12.263], [92.9044, 12.2704], [92.9136, 12.2736], [92.9, 12.2716]]], [[[92.8881, 12.2807], [92.8897, 12.2723], [92.8842, 12.274], [92.8881, 12.2807]]], [[[92.7522, 12.2782], [92.7619, 12.2941], [92.7668, 12.2747], [92.7639, 12.2652], [92.7522, 12.2782]]], [[[92.8878, 12.2864], [92.8844, 12.2798], [92.8783, 12.2902], [92.8878, 12.2864]]], [[[92.919, 12.3508], [92.9124, 12.3326], [92.907, 12.3416], [92.9139, 12.3564], [92.919, 12.3508]]], [[[92.8609, 12.392], [92.844, 12.3951], [92.8504, 12.4084], [92.8818, 12.3985], [92.8862, 12.4081], [92.8943, 12.407], [92.8826, 12.3885], [92.8834, 12.3743], [92.8786, 12.3847], [92.8671, 12.3774], [92.8586, 12.3841], [92.8609, 12.392]]], [[[92.6813, 12.5565], [92.6781, 12.5056], [92.6618, 12.5329], [92.6813, 12.5565]]], [[[92.7121, 12.7377], [92.7082, 12.7737], [92.6937, 12.7988], [92.7069, 12.8299], [92.7137, 12.8262], [92.7113, 12.7772], [92.7248, 12.7483], [92.7219, 12.7427], [92.7173, 12.7563], [92.7166, 12.7192], [92.7061, 12.7309], [92.7121, 12.7377]]], [[[92.7086, 12.8335], [92.7135, 12.8556], [92.7233, 12.8597], [92.7194, 12.865], [92.7279, 12.8596], [92.7162, 12.8336], [92.7086, 12.8335]]], [[[92.722, 12.9016], [92.7182, 12.8813], [92.7073, 12.8839], [92.7016, 12.8769], [92.7075, 12.8835], [92.7187, 12.8748], [92.6996, 12.8402], [92.6711, 12.8376], [92.6781, 12.832], [92.6746, 12.8226], [92.6836, 12.8298], [92.6881, 12.817], [92.6746, 12.8073], [92.6677, 12.7826], [92.6577, 12.7953], [92.6654, 12.8079], [92.647, 12.8617], [92.6632, 12.8815], [92.679, 12.9422], [92.6697, 12.9661], [92.6876, 12.9902], [92.7135, 12.9844], [92.7099, 12.9781], [92.7193, 12.981], [92.7167, 12.9497], [92.7098, 12.946], [92.7215, 12.9446], [92.7205, 12.925], [92.714, 12.9228], [92.722, 12.9016]]], [[[92.7913, 12.8915], [92.7879, 12.883], [92.7816, 12.8923], [92.7913, 12.8915]]], [[[92.7555, 12.8926], [92.748, 12.8946], [92.7533, 12.8936], [92.7545, 12.9144], [92.7555, 12.8926]]], [[[92.7819, 12.8955], [92.7918, 12.8967], [92.7888, 12.9044], [92.7759, 12.9037], [92.7734, 12.9116], [92.7919, 12.9169], [92.7984, 12.8963], [92.7819, 12.8955]]], [[[92.8738, 12.9245], [92.8723, 12.9156], [92.858, 12.9252], [92.8606, 12.934], [92.8876, 12.9282], [92.8796, 12.9198], [92.8738, 12.9245]]], [[[92.77590174835791, 12.63578696402602], [92.7785, 12.6379], [92.77982250853772, 12.634784259546722], [92.7791, 12.671], [92.7871, 12.7028], [92.7809, 12.7247], [92.7897, 12.7255], [92.77955903191862, 12.727985531392493], [92.7758, 12.7184], [92.7847, 12.708], [92.783, 12.6924], [92.7694, 12.6731], [92.732, 12.6726], [92.7345, 12.6856], [92.7261, 12.6928], [92.7448, 12.6993], [92.7379, 12.7101], [92.7458, 12.7229], [92.7404, 12.739], [92.7297, 12.7439], [92.7198, 12.7888], [92.7282, 12.7991], [92.7379, 12.7792], [92.7314, 12.8016], [92.7202, 12.7975], [92.7237, 12.8285], [92.7307, 12.836], [92.7377, 12.8044], [92.7391, 12.837], [92.7426, 12.8207], [92.743, 12.839], [92.7562, 12.8465], [92.76272583767685, 12.835865301563661], [92.7622, 12.8391], [92.76229500000001, 12.839315487804875], [92.7569, 12.8455], [92.76, 12.8598], [92.76371495850623, 12.842536369294605], [92.7663, 12.8484], [92.77193690661913, 12.843291553376417], [92.7702, 12.8636], [92.7734, 12.8578], [92.7796, 12.862], [92.78212067154541, 12.84063157985367], [92.7822, 12.8609], [92.7925655172, 12.8462275862], [92.7888, 12.8621], [92.8018, 12.8517], [92.7928, 12.8637], [92.8003, 12.8628], [92.792, 12.8646], [92.7968, 12.8808], [92.7908, 12.8899], [92.8025, 12.8973], [92.80825333577043, 12.896714915006397], [92.8084, 12.8975], [92.81533541181307, 12.896772509250379], [92.8046, 12.9004], [92.8098, 12.9092], [92.8015, 12.8995], [92.7923, 12.9281], [92.8023, 12.9384], [92.801, 12.9522], [92.7906, 12.9533], [92.7974, 12.9905], [92.8107, 12.9843], [92.8111, 12.9725], [92.81535305856143, 12.986940617441128], [92.807, 12.999], [92.8229, 13.0065], [92.8246, 12.9985], [92.842, 12.9913], [92.8229, 13.0075], [92.8371, 13.0231], [92.8196, 13.0121], [92.8129, 13.0219], [92.8144, 13.0069], [92.7885, 13.0179], [92.7924, 13.0477], [92.7992, 13.0433], [92.7917, 13.0533], [92.7928, 13.092], [92.8139, 13.0722], [92.8186, 13.0751], [92.8062, 13.0803], [92.8056, 13.101], [92.813, 13.1031], [92.8206, 13.0912], [92.82129820353589, 13.111547645903304], [92.8141, 13.1139], [92.8086, 13.1275], [92.8231, 13.1348], [92.847, 13.1182], [92.8387, 13.1348], [92.84327090359642, 13.142104021210782], [92.8079, 13.1538], [92.814, 13.1747], [92.82675608568647, 13.16760262901655], [92.8263, 13.1749], [92.8371, 13.162], [92.8492, 13.1611], [92.8376, 13.1621], [92.8346, 13.1753], [92.816, 13.1835], [92.8218, 13.1931], [92.8161, 13.2045], [92.8322, 13.2152], [92.8237, 13.2155], [92.83, 13.2428], [92.84752533214245, 13.239525064195602], [92.839, 13.246], [92.8475, 13.2433], [92.8502, 13.2622], [92.8551, 13.2506], [92.87, 13.2578], [92.8577, 13.2526], [92.8506, 13.2653], [92.8377, 13.259], [92.8327, 13.2683], [92.8111, 13.2708], [92.8221, 13.2739], [92.8233, 13.2896], [92.838, 13.2881], [92.8335, 13.296], [92.8409, 13.3015], [92.8207, 13.3106], [92.8277, 13.3161], [92.8255, 13.3339], [92.8331, 13.3383], [92.83, 13.3691], [92.8494, 13.3778], [92.8479, 13.3635], [92.84851567809544, 13.363092705259941], [92.8508, 13.3766], [92.8697, 13.3905], [92.8589, 13.3839], [92.8624, 13.4013], [92.8579, 13.3852], [92.8403, 13.3885], [92.8426, 13.4105], [92.85, 13.4119], [92.8486, 13.4184], [92.8537, 13.4093], [92.87011781946073, 13.413404454865182], [92.8669, 13.422], [92.88056830781962, 13.430566756309473], [92.89, 13.4231], [92.899, 13.4288], [92.8898, 13.4237], [92.8708, 13.4451], [92.8689, 13.474], [92.8911, 13.4785], [92.8879, 13.469], [92.89544748743718, 13.472177889447238], [92.8933, 13.4777], [92.9022, 13.485], [92.9019, 13.4963], [92.9249, 13.4989], [92.9247, 13.4808], [92.93057620644882, 13.480717236528891], [92.9275, 13.4978], [92.92780736842106, 13.497892631578948], [92.9133, 13.5124], [92.9272, 13.5147], [92.93230263234018, 13.52186661845531], [92.9308, 13.5259], [92.9144, 13.5204], [92.9136, 13.5351], [92.9456, 13.5378], [92.9652, 13.55], [92.97956188097739, 13.531849748843541], [92.9863, 13.5365], [92.9854, 13.5297], [92.97993860440435, 13.531373653488991], [92.9906, 13.5179], [93.0, 13.5239], [92.987, 13.5235], [92.991, 13.5393], [92.983, 13.5396], [92.9784, 13.5528], [92.9823, 13.5698], [92.9892, 13.5751], [93.004, 13.5658], [93.0105, 13.5487], [93.0142, 13.5722], [93.0273, 13.5794], [93.0442, 13.5297], [93.0432, 13.5049], [93.0337, 13.4659], [93.0186, 13.4663], [93.01701589292715, 13.463297289578316], [93.0299, 13.4611], [93.0366, 13.4413], [93.0315, 13.4326], [93.0184, 13.4316], [93.0129, 13.4437], [93.0079, 13.4376], [93.0154, 13.4338], [93.00820424597364, 13.433165080527086], [93.039, 13.4279], [93.0361, 13.417], [93.0463, 13.4046], [93.0611, 13.4215], [93.0584, 13.399], [93.0695, 13.4078], [93.0685, 13.3966], [93.0509, 13.3896], [93.047, 13.3746], [93.0419, 13.382], [93.0399, 13.3752], [93.0355, 13.3819], [93.0379, 13.3754], [93.0129, 13.3773], [92.9992, 13.3959], [92.99980025199154, 13.384152211022588], [93.0032, 13.3896], [93.0141, 13.3707], [93.0343, 13.3744], [93.03832386018239, 13.370098632218827], [93.0366, 13.374], [93.0472, 13.3737], [93.0404, 13.3654], [93.03937814033087, 13.367712629777529], [93.0244, 13.3576], [93.0363, 13.3602], [93.0412, 13.3515], [93.0314, 13.3439], [92.9992, 13.3505], [92.9842, 13.328], [92.9758, 13.3513], [92.9691, 13.3502], [92.973, 13.3593], [92.9508, 13.3615], [92.9622, 13.3544], [92.9546, 13.3443], [92.9454, 13.351], [92.9582, 13.339], [92.9582, 13.327], [92.9519, 13.3269], [92.95821396212402, 13.32432010149771], [92.964, 13.3284], [92.9848, 13.3206], [92.9888, 13.3109], [92.9892, 13.3175], [92.997, 13.3149], [92.9938, 13.3015], [92.9827, 13.2992], [92.9906, 13.2919], [92.9739, 13.2819], [92.99194620758483, 13.291796307385228], [92.9864, 13.2993], [92.99716939078752, 13.302376968796436], [93.0078, 13.3209], [93.0048, 13.3069], [93.0113, 13.3079], [93.0114, 13.3011], [93.00980982658959, 13.30079710982659], [93.00974981427981, 13.300565951300042], [93.0206, 13.2981], [93.012, 13.2956], [93.0111, 13.2768], [93.046, 13.2824], [93.0397, 13.2698], [93.0437, 13.2543], [93.0658, 13.2738], [93.0564, 13.2563], [93.0569, 13.2331], [93.0423, 13.2222], [93.0454, 13.2104], [93.0318, 13.1786], [93.0371, 13.1698], [93.0302, 13.1274], [93.0346, 13.0828], [93.0034, 13.0282], [92.9939, 13.0348], [92.991, 13.0282], [92.9986, 13.0242], [92.9664, 13.0297], [92.9747, 13.0142], [92.9596, 13.0142], [92.9332, 13.0422], [92.9356, 13.0528], [92.9485, 13.0515], [92.9381, 13.0589], [92.9468, 13.069], [92.9567, 13.0656], [92.956, 13.0728], [92.9372, 13.0659], [92.9416, 13.079], [92.93808930242525, 13.084397042540267], [92.9346, 13.0606], [92.9274, 13.056], [92.9285, 13.0724], [92.9221, 13.0535], [92.8991, 13.0953], [92.8872, 13.0931], [92.8923, 13.1033], [92.8728, 13.1489], [92.8888, 13.1079], [92.873, 13.1039], [92.889, 13.1071], [92.8856, 13.0923], [92.8983, 13.0935], [92.912, 13.0663], [92.90078201986327, 13.05745261189217], [92.9153, 13.0549], [92.9211, 13.0397], [92.9083, 13.0194], [92.90306066024759, 13.01887606602476], [92.9009, 13.0139], [92.9105, 13.0075], [92.9016, 13.0024], [92.8943, 13.0111], [92.9014, 13.002], [92.9128, 13.0048], [92.9181, 12.9874], [92.933, 12.9913], [92.93413904747709, 12.967474923604383], [92.9287, 12.9665], [92.9269, 12.9563], [92.9193, 12.9577], [92.9106, 12.9452], [92.9061, 12.9837], [92.8956, 12.9859], [92.896, 12.9952], [92.8863, 12.9824], [92.8906, 12.9973], [92.8859, 13.0072], [92.8855, 12.9939], [92.883, 13.0055], [92.8861, 12.986], [92.8733, 12.964], [92.8707, 12.9356], [92.858, 12.9351], [92.8494, 12.9456], [92.8513, 12.961], [92.8481566878981, 12.949324840764346], [92.8492, 12.9506], [92.84785320000002, 12.948197600000029], [92.8478, 12.948], [92.84773693848355, 12.947990214592274], [92.8455, 12.944], [92.8561, 12.9352], [92.8489, 12.9393], [92.84995710267229, 12.933485935302391], [92.8557, 12.9338], [92.8588, 12.9179], [92.8447, 12.9127], [92.8582, 12.913], [92.8604, 12.9031], [92.875, 12.9081], [92.87361010868294, 12.893234205913284], [92.9001, 12.9028], [92.8924, 12.9157], [92.8961, 12.9262], [92.9004, 12.9115], [92.899, 12.9181], [92.9123, 12.9194], [92.9109, 12.9099], [92.9223, 12.9154], [92.9059, 12.887], [92.9246, 12.8879], [92.9311, 12.8676], [92.9264, 12.8581], [92.9414, 12.8544], [92.94039547688463, 12.839058192419825], [92.9491, 12.8382], [92.9438, 12.826], [92.9545, 12.8064], [92.9334, 12.7742], [92.9264, 12.7744], [92.9498, 12.7701], [92.9482, 12.7622], [92.9675, 12.7421], [92.9644, 12.7258], [92.98, 12.7094], [92.9708, 12.713], [92.9639, 12.7044], [92.9567, 12.6242], [92.9455, 12.6313], [92.9297, 12.6169], [92.9391, 12.616], [92.9456, 12.6299], [92.9435, 12.6242], [92.9588, 12.6196], [92.956, 12.5925], [92.9746, 12.5307], [92.9641, 12.4872], [92.9508, 12.4896], [92.9468, 12.4997], [92.9382, 12.4821], [92.9271, 12.4903], [92.9326, 12.4675], [92.9216, 12.4657], [92.91957247820672, 12.468703735990038], [92.9216, 12.4648], [92.9578, 12.4731], [92.951, 12.4595], [92.9452, 12.4622], [92.9495, 12.4579], [92.9432, 12.4608], [92.9491, 12.4567], [92.9446, 12.4513], [92.922, 12.4424], [92.9124, 12.4506], [92.9086, 12.4388], [92.911, 12.4444], [92.9229, 12.4356], [92.9146, 12.4062], [92.9057, 12.407], [92.9085, 12.4201], [92.8945, 12.4309], [92.897, 12.4385], [92.8845, 12.4416], [92.899, 12.4511], [92.8855, 12.4598], [92.8888, 12.4638], [92.8852, 12.4599], [92.8963, 12.4501], [92.8834, 12.4425], [92.877, 12.4451], [92.8862, 12.4562], [92.88079912854029, 12.457294771241832], [92.8853, 12.456], [92.8762, 12.4561], [92.881, 12.45], [92.8756, 12.4466], [92.869, 12.4569], [92.8689, 12.4462], [92.8554, 12.4571], [92.8559, 12.464], [92.85912510968613, 12.461661795477557], [92.8537, 12.4711], [92.8537, 12.4573], [92.8434, 12.4704], [92.83738460145376, 12.493395574189385], [92.8225, 12.5], [92.83374113984674, 12.488326508620688], [92.834, 12.4885], [92.83427777777779, 12.487769230769219], [92.8355, 12.4865], [92.83475592678849, 12.486511331064134], [92.8405, 12.4714], [92.83497316749586, 12.479608971807615], [92.8394, 12.4645], [92.8834, 12.4365], [92.8748, 12.4313], [92.8861, 12.4348], [92.8993, 12.4168], [92.884, 12.4295], [92.874, 12.4134], [92.86603561643835, 12.42001095890411], [92.8684, 12.4141], [92.8586, 12.4145], [92.86518968822415, 12.420713134611333], [92.85942066352652, 12.4255018021708], [92.8594, 12.4242], [92.8506, 12.429], [92.8457, 12.4235], [92.83975416399556, 12.435820752957627], [92.8355, 12.4307], [92.8215, 12.4341], [92.8108, 12.4429], [92.8153, 12.4547], [92.8102, 12.4427], [92.8195, 12.435], [92.81153091497977, 12.435975120107962], [92.8302, 12.4279], [92.8293913968424, 12.425830927214339], [92.8584, 12.4133], [92.8383, 12.4113], [92.82928278707311, 12.425553013981194], [92.8268, 12.4192], [92.815, 12.4247], [92.8339, 12.4103], [92.8179, 12.4108], [92.8158, 12.417], [92.7992, 12.4016], [92.8157, 12.4164], [92.8166, 12.4098], [92.8395, 12.4077], [92.8373, 12.3986], [92.83369581540869, 12.399449393820884], [92.8386, 12.3943], [92.8297, 12.392], [92.83838720379147, 12.388213270142181], [92.8423, 12.3918], [92.8443, 12.3796], [92.8506, 12.3854], [92.8611, 12.3694], [92.8446, 12.3632], [92.8555, 12.3671], [92.8723, 12.3537], [92.8835, 12.3569], [92.899, 12.3338], [92.8796, 12.3444], [92.8799, 12.3347], [92.8732, 12.3353], [92.883, 12.3332], [92.87745286199369, 12.331669755032745], [92.8996, 12.3231], [92.8902, 12.317], [92.8853, 12.3228], [92.8776, 12.3128], [92.872, 12.3183], [92.8562, 12.3146], [92.8618, 12.3208], [92.85765515171724, 12.336160320106702], [92.85462768273717, 12.32795863141524], [92.8568, 12.3282], [92.8602, 12.3194], [92.8316, 12.3027], [92.8098, 12.3156], [92.7947, 12.3063], [92.7924, 12.3139], [92.7784, 12.3132], [92.7823, 12.319], [92.7723, 12.3168], [92.7801, 12.3231], [92.7703, 12.3197], [92.7704, 12.3338], [92.7638, 12.3017], [92.7651, 12.3221], [92.7543, 12.2964], [92.7486, 12.3035], [92.7345, 12.301], [92.7403962085308, 12.320654028435985], [92.7316, 12.302], [92.719, 12.3005], [92.7074, 12.3173], [92.7085, 12.3293], [92.6993, 12.3279], [92.6982, 12.3676], [92.7045, 12.3707], [92.6977, 12.3785], [92.6949, 12.429], [92.7045, 12.4524], [92.6949, 12.4704], [92.7069, 12.4933], [92.6985, 12.497], [92.705, 12.5057], [92.6994, 12.5004], [92.693, 12.5156], [92.708, 12.5565], [92.7074, 12.594], [92.6842, 12.6087], [92.6857, 12.6143], [92.6931, 12.6065], [92.7019, 12.6129], [92.7026, 12.6048], [92.7133, 12.6423], [92.7185, 12.6442], [92.72092106100374, 12.626707834247988], [92.728, 12.6357], [92.7369714286, 12.6251047619], [92.7285, 12.636], [92.7348, 12.639], [92.7316, 12.6531], [92.7434, 12.6677], [92.7749, 12.6693], [92.77590174835791, 12.63578696402602]]], [[[92.9132, 13.0118], [92.9203, 13.0309], [92.938, 13.0224], [92.9441, 12.9954], [92.9198, 13.0], [92.9132, 13.0118]]], [[[92.6951, 13.0972], [92.7193, 13.0946], [92.6993, 13.0704], [92.6951, 13.0972]]], [[[92.8055, 13.402], [92.8111, 13.4321], [92.8151, 13.4012], [92.8055, 13.402]]], [[[92.843, 13.4273], [92.8301, 13.4184], [92.8184, 13.4295], [92.8412, 13.4505], [92.843, 13.4273]]], [[[92.8688, 13.5143], [92.8725, 13.5018], [92.8651, 13.5031], [92.8688, 13.5143]]], [[[92.9028, 13.5345], [92.9107, 13.5381], [92.9082, 13.5302], [92.9028, 13.5345]]], [[[92.8913, 13.6025], [92.9016, 13.6042], [92.904, 13.5947], [92.8887, 13.5747], [92.8801, 13.5775], [92.8913, 13.6025]]], [[[93.6492, 7.0856], [93.6444, 7.1007], [93.6673, 7.1126], [93.6573, 7.1181], [93.647, 7.1115], [93.6432, 7.1291], [93.6653, 7.1425], [93.669, 7.158], [93.6608, 7.1772], [93.6767, 7.1933], [93.7222, 7.189], [93.7412, 7.2062], [93.7392, 7.194], [93.7451, 7.2012], [93.7398, 7.2083], [93.7488, 7.2158], [93.7619, 7.2084], [93.7824, 7.2157], [93.7925, 7.2085], [93.7962, 7.2354], [93.8377, 7.2446], [93.8329, 7.2309], [93.8388, 7.2164], [93.8569, 7.2184], [93.8697, 7.2053], [93.8754, 7.1358], [93.8828, 7.1279], [93.881, 7.0897], [93.9018, 7.0815], [93.9133, 7.049], [93.9124, 7.0251], [93.9243, 7.0286], [93.9446, 7.0014], [93.9325, 6.9889], [93.9234, 7.0095], [93.9108, 7.0028], [93.9103, 6.9928], [93.9232, 6.9873], [93.9246, 6.972], [93.9414, 6.9543], [93.9154, 6.9473], [93.9145, 6.9297], [93.9038, 6.9273], [93.9097, 6.9106], [93.8914, 6.9009], [93.8966, 6.8752], [93.8889, 6.8663], [93.889, 6.8478], [93.9053, 6.8349], [93.8935, 6.805], [93.876, 6.7932], [93.8624, 6.8135], [93.847, 6.8113], [93.84745412589993, 6.812125179988906], [93.8438, 6.8077], [93.842, 6.7785], [93.8319, 6.7554], [93.8214, 6.7528], [93.799, 6.7667], [93.8082, 6.7779], [93.8004, 6.7855], [93.8099, 6.812], [93.795, 6.81], [93.7776, 6.833], [93.7856, 6.8469], [93.7766, 6.8431], [93.7823, 6.8519], [93.7629, 6.8621], [93.7622, 6.8764], [93.7769, 6.8805], [93.7637, 6.8845], [93.7705, 6.8879], [93.7574, 6.8955], [93.757, 6.9115], [93.7437, 6.9052], [93.7317, 6.9219], [93.7325, 6.9295], [93.7419, 6.9305], [93.7411, 6.956], [93.7373, 6.9627], [93.7263, 6.9588], [93.7249, 6.9782], [93.7156, 6.9898], [93.73188593749998, 6.976556490384632], [93.7175, 6.995], [93.696, 6.992], [93.6931, 7.0096], [93.70192415659085, 7.011434725627802], [93.676, 7.0175], [93.6663, 7.0024], [93.655, 7.0055], [93.667, 7.0226], [93.656, 7.0467], [93.6601, 7.0655], [93.6524, 7.0671], [93.6603, 7.0816], [93.6492, 7.0856]]], [[[93.6984, 7.2318], [93.7075, 7.2068], [93.7006, 7.2091], [93.6984, 7.2318]]], [[[93.6168, 7.2658], [93.622, 7.2874], [93.6071, 7.3105], [93.6233, 7.3228], [93.6194, 7.3743], [93.6381, 7.3708], [93.6549, 7.3852], [93.656, 7.3659], [93.6703, 7.3912], [93.7014, 7.3938], [93.6902, 7.4023], [93.6964, 7.4197], [93.6921, 7.4453], [93.7011, 7.4469], [93.7103, 7.4039], [93.7441, 7.3767], [93.7439, 7.3617], [93.7133, 7.311], [93.6749, 7.2919], [93.6576, 7.258], [93.6358, 7.2428], [93.6168, 7.2658]]], [[[93.756, 7.4059], [93.7596, 7.399], [93.7502, 7.4006], [93.756, 7.4059]]], [[[93.67, 7.4052], [93.6794, 7.4121], [93.6836, 7.3997], [93.6744, 7.3972], [93.67, 7.4052]]], [[[93.6323, 7.4724], [93.6347, 7.4787], [93.6383, 7.4717], [93.6323, 7.4724]]], [[[93.5197, 7.5278], [93.5349, 7.5216], [93.5259, 7.5146], [93.5197, 7.5278]]], [[[93.3463, 8.009], [93.3692, 8.0236], [93.3982, 8.0125], [93.3954, 7.9719], [93.4053, 7.9606], [93.422, 7.9679], [93.4571, 7.9274], [93.4662, 7.8911], [93.4539, 7.8722], [93.432, 7.8989], [93.4123, 7.9069], [93.3885, 7.9019], [93.3855, 7.8874], [93.3689, 7.8776], [93.3413, 7.893], [93.3268, 7.9235], [93.3413, 7.9304], [93.3344, 7.9311], [93.33505393386545, 7.93249623717218], [93.3299, 7.9276], [93.3318, 7.9342], [93.3236, 7.9359], [93.322, 7.9229], [93.3079, 7.9339], [93.3013, 7.9563], [93.3228, 8.0106], [93.3393, 8.0175], [93.3463, 8.009]]], [[[93.5159, 8.0007], [93.5221, 8.0262], [93.5436, 7.9915], [93.5344, 8.0281], [93.551, 8.0258], [93.5733, 7.9942], [93.5698, 7.9284], [93.5284, 7.9593], [93.5314, 7.9694], [93.5152, 7.9693], [93.4947, 7.9932], [93.5159, 8.0007]]], [[[93.5626, 8.0675], [93.5648, 8.0743], [93.5759, 8.0675], [93.5715, 8.0742], [93.5782, 8.0742], [93.5608, 8.0929], [93.5677, 8.1196], [93.5609, 8.1081], [93.5534, 8.1211], [93.5717, 8.1271], [93.5821, 8.0979], [93.5726, 8.0996], [93.5802, 8.0975], [93.5757, 8.09], [93.5829, 8.0953], [93.5819, 8.0682], [93.5915, 8.0493], [93.5848, 8.0381], [93.5626, 8.0675]]], [[[93.5147, 8.1234], [93.5227, 8.0983], [93.5378, 8.09], [93.5432, 8.0677], [93.535, 8.0501], [93.5408, 8.0361], [93.5213, 8.0506], [93.5144, 8.0335], [93.5108, 8.0394], [93.4985, 8.0359], [93.5017, 8.0186], [93.491, 7.9985], [93.4802, 8.0033], [93.4757, 8.0456], [93.4901, 8.0402], [93.4938, 8.046], [93.4991, 8.038], [93.4938, 8.0573], [93.5018, 8.069], [93.5038, 8.05], [93.5157, 8.0533], [93.5141, 8.0641], [93.5222, 8.0689], [93.5146, 8.0752], [93.5212, 8.0804], [93.5046, 8.0857], [93.5025, 8.0754], [93.4817, 8.0641], [93.4824, 8.0519], [93.4757, 8.0529], [93.4697, 8.0886], [93.484, 8.0878], [93.4879, 8.0951], [93.4837, 8.0883], [93.471, 8.0967], [93.4689, 8.0903], [93.4603, 8.0998], [93.4482, 8.1333], [93.4564, 8.1407], [93.4464, 8.1443], [93.4499, 8.1532], [93.4453, 8.1507], [93.4375, 8.1707], [93.4868, 8.1985], [93.4902, 8.2029], [93.4782, 8.1977], [93.4834, 8.2228], [93.5141, 8.2297], [93.511, 8.2351], [93.5367, 8.2242], [93.5355, 8.1986], [93.5249, 8.1778], [93.5177, 8.1773], [93.5255, 8.1871], [93.513, 8.1731], [93.5041, 8.176], [93.4928, 8.1462], [93.5147, 8.1234]]], [[[93.226, 8.2659], [93.2408, 8.227], [93.2295, 8.2218], [93.2097, 8.2514], [93.226, 8.2659]]], [[[93.0758, 8.2735], [93.0733, 8.2955], [93.0849, 8.3408], [93.1159, 8.3568], [93.1328, 8.349], [93.1333, 8.3428], [93.1178, 8.2773], [93.1456, 8.2442], [93.1928, 8.2186], [93.1909, 8.1961], [93.1534, 8.2017], [93.1116, 8.2236], [93.0758, 8.2735]]], [[[93.0478, 8.46], [93.0498, 8.443], [93.041, 8.4399], [93.0245, 8.4522], [93.0342, 8.4734], [93.0478, 8.46]]], [[[93.6094, 8.4815], [93.6192, 8.4866], [93.612, 8.5259], [93.6002, 8.545], [93.6026, 8.5769], [93.6117, 8.5325], [93.6255, 8.5239], [93.6215, 8.5076], [93.6323, 8.4679], [93.6172, 8.4681], [93.613, 8.4232], [93.6094, 8.4815]]], [[[93.0821, 11.7786], [93.0759, 11.7825], [93.086, 11.7882], [93.0821, 11.7786]]], [[[93.0624, 11.8453], [93.0715, 11.8341], [93.0589, 11.8143], [93.0423, 11.8099], [93.0137, 11.8288], [93.0107, 11.8514], [93.0312, 11.8374], [93.0624, 11.8453]]], [[[93.0391, 11.9489], [93.0541, 11.9028], [93.0441, 11.8837], [93.0264, 11.8848], [93.0047, 11.9274], [92.9923, 11.9345], [92.9906, 11.9438], [93.00208557924003, 11.947340667284521], [93.0015, 11.9477], [93.0071, 11.9581], [93.0011, 11.9485], [93.0, 11.9599], [92.9972, 11.9472], [92.9751, 11.9455], [92.9593, 11.9801], [92.9323, 11.9837], [92.923, 11.9984], [92.9474, 12.0114], [92.9638, 12.0503], [92.97357547765793, 12.03382793528507], [92.973, 12.0432], [93.0148, 12.0273], [93.0168, 12.0122], [93.0071, 12.003], [93.0207, 11.9741], [93.0283, 11.9748], [93.0278, 11.9519], [93.0391, 11.9489]]], [[[92.9571, 12.07], [92.9568, 12.082], [92.9718, 12.0865], [92.9699, 12.0937], [92.9574, 12.0874], [92.9577, 12.1082], [92.9898, 12.1099], [93.0049, 12.1028], [92.9994, 12.0785], [92.9935, 12.0788], [93.0027, 12.0596], [92.9963, 12.0443], [92.9712, 12.0573], [92.975, 12.0672], [92.9571, 12.07]]], [[[92.9457, 12.1199], [92.9572, 12.0991], [92.9501, 12.0792], [92.9457, 12.1199]]], [[[93.0293, 12.0643], [93.0051, 12.0768], [93.0074, 12.1037], [92.9953, 12.1317], [92.9997, 12.1403], [93.0018, 12.1255], [93.0024, 12.1449], [93.0075, 12.1564], [93.0192, 12.1582], [93.0196, 12.1676], [93.0281, 12.1614], [93.0237, 12.1415], [93.0354, 12.1259], [93.0331, 12.102], [93.0538, 12.0782], [93.0533, 12.0541], [93.0434, 12.0426], [93.0293, 12.0643]]], [[[92.9558, 12.1493], [92.9778, 12.1518], [92.9759, 12.1439], [92.9799, 12.1546], [92.9875, 12.1465], [92.9896, 12.1576], [92.9918, 12.1456], [92.9942, 12.1563], [92.9978, 12.1461], [92.9932, 12.1359], [93.0017, 12.1112], [92.9659, 12.1176], [92.9544, 12.1356], [92.9558, 12.1493]]], [[[93.1242, 12.1531], [93.1115, 12.1298], [93.1088, 12.1453], [93.1242, 12.1531]]], [[[93.0878, 12.1954], [93.0889, 12.1837], [93.0764, 12.1799], [93.0918, 12.1827], [93.086, 12.1563], [93.0951, 12.1536], [93.0973, 12.1425], [93.0845, 12.1193], [93.0966, 12.1389], [93.1007, 12.1304], [93.093, 12.1288], [93.1016, 12.1288], [93.0971, 12.0928], [93.0862, 12.0932], [93.0873, 12.082], [93.078, 12.0769], [93.0484, 12.1118], [93.05209408333745, 12.119114285008155], [93.0467, 12.1184], [93.0352, 12.1331], [93.0546, 12.1915], [93.0691, 12.2122], [93.0783, 12.2095], [93.0717, 12.2016], [93.0878, 12.1954]]], [[[92.9323, 12.1954], [92.9244, 12.2067], [92.926, 12.2221], [92.9376, 12.2248], [92.9323, 12.1954]]], [[[93.1055, 12.2639], [93.1006, 12.2326], [93.101, 12.2006], [93.0868, 12.2149], [93.08670553350771, 12.228503174889505], [93.0825, 12.2246], [93.0838, 12.2167], [93.062, 12.229], [93.0651, 12.2518], [93.0753, 12.2632], [93.0865, 12.257], [93.0855, 12.2384], [93.1055, 12.2639]]], [[[93.8368, 12.2736], [93.8403, 12.2954], [93.8503, 12.3021], [93.8603, 12.2984], [93.8662, 12.274], [93.8368, 12.2736]]], [[[92.9476, 12.429], [92.9575, 12.4377], [92.9607, 12.4215], [92.9454, 12.4053], [92.9324, 12.3597], [92.9164, 12.3629], [92.9279, 12.3861], [92.9303, 12.4172], [92.9401, 12.4234], [92.9473, 12.4156], [92.9476, 12.429]]], [[[92.954, 12.9573], [92.9526, 12.9682], [92.9615, 12.9697], [92.9511, 12.9801], [92.9578, 12.9895], [92.971, 12.9825], [92.9651, 12.978], [92.9718, 12.9702], [92.9872, 12.9857], [92.9844, 12.9944], [93.0077, 12.9992], [92.9814, 12.9678], [92.9882, 12.9548], [92.9797, 12.9473], [92.9786, 12.928], [92.9681, 12.9423], [92.9524, 12.935], [92.9582, 12.9495], [92.9726, 12.9464], [92.954, 12.9573]]], [[[93.0243, 13.3282], [93.0216, 13.3016], [93.0138, 13.3084], [93.0169, 13.3292], [93.0243, 13.3282]]], [[[93.0707, 13.3491], [93.0881, 13.346], [93.0899, 13.334], [93.0715, 13.3227], [93.0692, 13.3067], [93.0805, 13.3021], [93.0736, 13.2975], [93.0619, 13.3061], [93.0585, 13.3289], [93.038, 13.3239], [93.0446, 13.3477], [93.0384, 13.3619], [93.0496, 13.3652], [93.0538, 13.3831], [93.0707, 13.3491]]], [[[93.0957, 13.4232], [93.0909, 13.4077], [93.0858, 13.4161], [93.0957, 13.4232]]], [[[93.0655, 13.4226], [93.0722, 13.4323], [93.0713, 13.4133], [93.0655, 13.4226]]], [[[94.2525, 13.466], [94.2673, 13.4641], [94.2611, 13.4383], [94.2449, 13.4332], [94.2393, 13.4476], [94.2525, 13.466]]], [[[93.0669, 13.6504], [93.0444, 13.621], [93.0451, 13.6474], [93.0575, 13.6553], [93.0669, 13.6504]]], [[[92.9797, 13.6666], [93.0028, 13.6727], [93.0099, 13.6629], [93.0037, 13.6732], [93.0263, 13.6718], [93.0286, 13.6254], [93.0171, 13.6227], [93.0134, 13.6433], [93.0014, 13.6486], [92.9867, 13.6403], [92.9785, 13.6506], [92.9736, 13.6439], [92.9797, 13.6666]]]]}}]}